date,ipo_slug,ipo_name,gmp_inr_daily_avg,gmp_pct_daily_avg,price_band_high_inr,captures
2026-07-02,hexagon-nutrition-ipo,Hexagon Nutrition,2.75,6.11,45,1
2026-07-08,clay-craft-ipo,Clay Craft,35,17.24,203,1
2026-07-08,genxai-analytics-ipo,Genxai Analytics,1,0.86,116,1
2026-07-08,horizon-reclaim-india-ipo,Horizon Reclaim (India),75,72.82,103,1
2026-07-08,susan-electricals-india-ipo,Susan Electricals India,43,33.86,127,1
2026-07-10,ic-electricals-ipo,IC Electricals,47,47.47,99,1
2026-07-11,twinkle-papers-ipo,Twinkle Papers,2,0,69,1
2026-07-14,avience-biomedicals-ipo,Avience Biomedicals,145,69.71,208,1
2026-07-15,kusumgar-ipo,Kusumgar,161,38.42,419,1
2026-07-16,devson-catalyst-ipo,Devson Catalyst,49,41.53,118,1
2026-07-16,happy-steels-ipo,Happy Steels,10,15.15,66,1
2026-07-16,laser-power-infra-ipo,Laser Power & Infra,39,18.22,214,1
2026-07-20,advit-jewels-ipo,Advit Jewels,49.5,35.87,138,1
2026-07-21,alpine-texworld-ipo,Alpine Texworld,1,0.95,105,1
2026-07-21,millworks-technologies-ipo,Millworks Technologies,395,119.34,331,1
2026-07-21,sbi-funds-management-ipo,SBI Funds Management,65,11.32,574,1
2026-07-22,aastha-spintex-ipo,Aastha Spintex,5,3.68,136,1
2026-07-23,sotefin-bharat-ipo,Sotefin Bharat,2.5,1.34,187,1
2026-07-24,caliber-mining-ipo,Caliber Mining,60,14.15,424,1
2026-07-24,sampark-india-logistics-ipo,Sampark India Logistics,2.5,2.98,84,1
2026-07-24,teja-engineering-industries-ipo,Teja Engineering Industries,36,16.36,220,1
2026-07-25,atharva-polyplast-ipo,Atharva Polyplast,10,16.67,60,1
2026-07-25,kratikal-tech-ipo,Kratikal Tech,78,57.78,135,1
2026-07-26,knack-packaging-ipo,Knack Packaging,13,7.65,170,1
2026-07-27,gulf-lloyds-ipo,Gulf Lloyds,1,1,100,1
2026-07-28,advance-technoforge-ipo,Advance Technoforge,8.83,9.3,95,6
2026-07-28,alpine-texworld-ipo,Alpine Texworld,1,0.95,105,1
2026-07-28,caliber-mining-ipo,Caliber Mining,60,14.15,424,1
2026-07-28,cube-highways-trust-invit-ipo,Cube Highways Trust InvIT,1.75,1.15,152,6
2026-07-28,devson-catalyst-ipo,Devson Catalyst,49,41.53,118,1
2026-07-28,dhaval-packaging-ipo,Dhaval Packaging,5.4,5.56,97,5
2026-07-28,gulf-lloyds-ipo,Gulf Lloyds,1,1,100,1
2026-07-28,gv-electricals-ipo,G.V. Electricals,18.67,14.36,130,6
2026-07-28,happy-steels-ipo,Happy Steels,10,15.15,66,1
2026-07-28,hr-hygiene-products-ipo,H.R. Hygiene Products,2,2.27,88,6
2026-07-28,ic-electricals-ipo,IC Electricals,47,47.47,99,1
2026-07-28,indo-mim-ipo,Indo-MIM,190.5,39.28,485,6
2026-07-28,juniper-green-energy-ipo,Juniper Green Energy,16.83,6,225,6
2026-07-28,kusumgar-ipo,Kusumgar,161,38.42,419,1
2026-07-28,laser-power-infra-ipo,Laser Power & Infra,39,18.22,214,1
2026-07-28,lohia-corp-ipo,Lohia Corp,16.42,3.87,425,6
2026-07-28,manipal-health-enterprises-ipo,Manipal Health Enterprises,11.67,1.98,590,6
2026-07-28,metalic-technoforge-ipo,Metalic Technoforge,6,7.79,77,3
2026-07-28,millworks-technologies-ipo,Millworks Technologies,395,119.34,331,1
2026-07-28,mv-electrosystems-ipo,MV Electrosystems,104.83,24.67,425,6
2026-07-28,poojaa-precision-engg-ipo,Poojaa Precision Engg.,275,91.36,301,6
2026-07-28,sbi-funds-management-ipo,SBI Funds Management,65,11.32,574,1
2026-07-28,shree-balaji-mala-ipo,Shree Balaji Mala,15,21.43,70,6
2026-07-28,sotefin-bharat-ipo,Sotefin Bharat,2.5,1.34,187,1
2026-07-28,xtranet-technologies-ipo,Xtranet Technologies,8.03,6.33,127,6
2026-07-29,advance-technoforge-ipo,Advance Technoforge,5.2,5.47,95,5
2026-07-29,anawil-wire-engieering-ipo,Anawil Wire & Engineering,43.33,16.05,270,3
2026-07-29,ardee-industries-ipo,Ardee Industries,9.5,17.93,53,2
2026-07-29,cube-highways-trust-invit-ipo,Cube Highways Trust InvIT,1.75,1.15,152,5
2026-07-29,dhaval-packaging-ipo,Dhaval Packaging,8.8,9.07,97,5
2026-07-29,gv-electricals-ipo,G.V. Electricals,22,16.92,130,5
2026-07-29,hr-hygiene-products-ipo,H.R. Hygiene Products,2,2.27,88,5
2026-07-29,indo-mim-ipo,Indo-MIM,176.8,36.45,485,5
2026-07-29,juniper-green-energy-ipo,Juniper Green Energy,16.7,7.43,225,5
2026-07-29,lohia-corp-ipo,Lohia Corp,18.7,4.4,425,5
2026-07-29,manipal-health-enterprises-ipo,Manipal Health Enterprises,9.6,1.63,590,5
2026-07-29,mv-electrosystems-ipo,MV Electrosystems,106,24.94,425,5
2026-07-29,poojaa-precision-engg-ipo,Poojaa Precision Engg.,290,96.35,301,5
2026-07-29,shree-balaji-mala-ipo,Shree Balaji Mala,56,80,70,2
2026-07-29,xtranet-technologies-ipo,Xtranet Technologies,12.3,9.69,127,5
2026-07-30,advance-technoforge-ipo,Advance Technoforge,11.83,12.46,95,12
2026-07-30,anawil-wire-engieering-ipo,Anawil Wire & Engineering,65.83,24.38,270,12
2026-07-30,ardee-industries-ipo,Ardee Industries,10.83,20.44,53,12
2026-07-30,cube-highways-trust-invit-ipo,Cube Highways Trust InvIT,1.75,1.15,152,12
2026-07-30,dhaval-packaging-ipo,Dhaval Packaging,12.58,12.97,97,12
2026-07-30,fusion-klassroom-edutech-ipo,Fusion Klassroom Edutech,9,5.66,159,1
2026-07-30,gv-electricals-ipo,G.V. Electricals,23.75,18.27,130,12
2026-07-30,hr-hygiene-products-ipo,H.R. Hygiene Products,2,2.27,88,12
2026-07-30,indo-mim-ipo,Indo-MIM,185,38.15,485,3
2026-07-30,juniper-green-energy-ipo,Juniper Green Energy,12.17,5.41,225,12
2026-07-30,lohia-corp-ipo,Lohia Corp,17,4,425,3
2026-07-30,manipal-health-enterprises-ipo,Manipal Health Enterprises,6.75,1.15,590,12
2026-07-30,mv-electrosystems-ipo,MV Electrosystems,111,26.12,425,12
2026-07-30,poojaa-precision-engg-ipo,Poojaa Precision Engg.,207.92,69.08,301,12
2026-07-30,xtranet-technologies-ipo,Xtranet Technologies,14.5,11.42,127,3
2026-07-31,advance-technoforge-ipo,Advance Technoforge,5,5.26,95,11
2026-07-31,anawil-wire-engieering-ipo,Anawil Wire & Engineering,64.55,23.9,270,11
2026-07-31,ardee-industries-ipo,Ardee Industries,10.45,19.73,53,11
2026-07-31,cube-highways-trust-invit-ipo,Cube Highways Trust InvIT,1.75,1.15,152,4
2026-07-31,dhaval-packaging-ipo,Dhaval Packaging,12.82,13.21,97,11
2026-07-31,fusion-klassroom-edutech-ipo,Fusion Klassroom Edutech,7.73,4.86,159,11
2026-07-31,gv-electricals-ipo,G.V. Electricals,25,19.23,130,11
2026-07-31,hr-hygiene-products-ipo,H.R. Hygiene Products,1.91,2.17,88,11
2026-07-31,juniper-green-energy-ipo,Juniper Green Energy,6.05,2.69,225,11
2026-07-31,lapl-automotive-ipo,LAPL Automotive,9.14,9.73,94,7
2026-07-31,manipal-health-enterprises-ipo,Manipal Health Enterprises,5.13,-0.15,590,10
2026-07-31,mv-electrosystems-ipo,MV Electrosystems,131,30.82,425,11
2026-07-31,poojaa-precision-engg-ipo,Poojaa Precision Engg.,221.36,73.54,301,11
2026-07-31,silverstorm-parks-resorts-ipo,Silverstorm Parks & Resorts,5,3.76,133,4
2026-08-01,advance-technoforge-ipo,Advance Technoforge,3.17,3.34,95,12
2026-08-01,anawil-wire-engieering-ipo,Anawil Wire & Engineering,85.83,31.79,270,12
2026-08-01,ardee-industries-ipo,Ardee Industries,6.5,12.26,53,12
2026-08-01,cube-highways-trust-invit-ipo,Cube Highways Trust InvIT,1.75,1.15,152,1
2026-08-01,dhaval-packaging-ipo,Dhaval Packaging,11.67,12.03,97,12
2026-08-01,fusion-klassroom-edutech-ipo,Fusion Klassroom Edutech,4,2.52,159,12
2026-08-01,gv-electricals-ipo,G.V. Electricals,25.58,19.68,130,12
2026-08-01,hr-hygiene-products-ipo,H.R. Hygiene Products,2,2.27,88,12
2026-08-01,juniper-green-energy-ipo,Juniper Green Energy,2.29,1.02,225,12
2026-08-01,lapl-automotive-ipo,LAPL Automotive,23.75,25.27,94,12
2026-08-01,manipal-health-enterprises-ipo,Manipal Health Enterprises,6,-2.54,590,1
2026-08-01,mv-electrosystems-ipo,MV Electrosystems,122.33,28.78,425,12
2026-08-01,poojaa-precision-engg-ipo,Poojaa Precision Engg.,219.17,72.81,301,12
2026-08-02,advance-technoforge-ipo,Advance Technoforge,4,4.21,95,11
2026-08-02,anawil-wire-engieering-ipo,Anawil Wire & Engineering,90,33.33,270,11
2026-08-02,ardee-industries-ipo,Ardee Industries,6.86,12.95,53,11
2026-08-02,cube-highways-trust-invit-ipo,Cube Highways Trust InvIT,1.75,1.15,152,1
2026-08-02,dhaval-packaging-ipo,Dhaval Packaging,11,11.34,97,11
2026-08-02,fusion-klassroom-edutech-ipo,Fusion Klassroom Edutech,4,2.52,159,11
2026-08-02,gv-electricals-ipo,G.V. Electricals,26,20,130,11
2026-08-02,hr-hygiene-products-ipo,H.R. Hygiene Products,2,2.27,88,11
2026-08-02,juniper-green-energy-ipo,Juniper Green Energy,1.43,0.64,225,11
2026-08-02,lapl-automotive-ipo,LAPL Automotive,25,26.6,94,11
2026-08-02,leap-india-ipo,LEAP India,6,0,0,1
2026-08-02,mv-electrosystems-ipo,MV Electrosystems,112.36,26.44,425,11
2026-08-02,poojaa-precision-engg-ipo,Poojaa Precision Engg.,224.36,74.54,301,11
2026-08-03,advance-technoforge-ipo,Advance Technoforge,4,4.21,95,5
2026-08-03,anawil-wire-engieering-ipo,Anawil Wire & Engineering,84.55,31.31,270,11
2026-08-03,ardee-industries-ipo,Ardee Industries,6.75,12.74,53,11
2026-08-03,cube-highways-trust-invit-ipo,Cube Highways Trust InvIT,1.75,1.15,152,1
2026-08-03,dhaval-packaging-ipo,Dhaval Packaging,7.27,7.5,97,11
2026-08-03,fusion-klassroom-edutech-ipo,Fusion Klassroom Edutech,4,0.92,159,11
2026-08-03,gv-electricals-ipo,G.V. Electricals,26,20,130,11
2026-08-03,hr-hygiene-products-ipo,H.R. Hygiene Products,2,2.27,88,11
2026-08-03,juniper-green-energy-ipo,Juniper Green Energy,3.28,1.46,225,11
2026-08-03,lapl-automotive-ipo,LAPL Automotive,25.18,26.79,94,11
2026-08-03,leap-india-ipo,LEAP India,6,2.86,130.09,11
2026-08-03,mv-electrosystems-ipo,MV Electrosystems,107.91,25.39,425,11
2026-08-03,poojaa-precision-engg-ipo,Poojaa Precision Engg.,232.55,77.26,301,11
2026-08-03,technocraft-ventures-ipo,Technocraft Ventures,15.36,7.24,212,7
2026-08-04,anawil-wire-engieering-ipo,Anawil Wire & Engineering,80,29.63,270,13
2026-08-04,ardee-industries-ipo,Ardee Industries,7.58,14.29,53,13
2026-08-04,cube-highways-trust-invit-ipo,Cube Highways Trust InvIT,1.75,1.15,152,1
2026-08-04,dhaval-packaging-ipo,Dhaval Packaging,8.23,8.49,97,13
2026-08-04,dhoot-transmission-ipo,Dhoot Transmission,210.23,20.23,670,13
2026-08-04,fusion-klassroom-edutech-ipo,Fusion Klassroom Edutech,4,0,159,13
2026-08-04,gv-electricals-ipo,G.V. Electricals,25.08,19.29,130,13
2026-08-04,hr-hygiene-products-ipo,H.R. Hygiene Products,2,2.27,88,13
2026-08-04,juniper-green-energy-ipo,Juniper Green Energy,11.4,5.07,225,13
2026-08-04,lapl-automotive-ipo,LAPL Automotive,27,28.72,94,13
2026-08-04,leap-india-ipo,LEAP India,3.62,2.28,159,13
2026-08-04,manipal-health-enterprises-ipo,Manipal Health Enterprises,2.33,0.39,590,6
2026-08-04,mv-electrosystems-ipo,MV Electrosystems,99.38,23.39,425,13
2026-08-04,poojaa-precision-engg-ipo,Poojaa Precision Engg.,226.25,75.17,301,4
2026-08-04,technocraft-ventures-ipo,Technocraft Ventures,10,4.72,212,13
2026-08-05,anawil-wire-engieering-ipo,Anawil Wire & Engineering,78.17,28.95,270,12
2026-08-05,ardee-industries-ipo,Ardee Industries,11.31,21.33,53,12
2026-08-05,cube-highways-trust-invit-ipo,Cube Highways Trust InvIT,1.75,1.15,152,1
2026-08-05,dhaval-packaging-ipo,Dhaval Packaging,10.08,10.4,97,12
2026-08-05,dhoot-transmission-ipo,Dhoot Transmission,253.5,29.11,871,12
2026-08-05,gv-electricals-ipo,G.V. Electricals,24.33,18.72,130,12
2026-08-05,hr-hygiene-products-ipo,H.R. Hygiene Products,1,1.14,88,5
2026-08-05,juniper-green-energy-ipo,Juniper Green Energy,16.13,7.17,225,12
2026-08-05,lapl-automotive-ipo,LAPL Automotive,27.25,28.99,94,12
2026-08-05,leap-india-ipo,LEAP India,3,1.89,159,12
2026-08-05,manipal-health-enterprises-ipo,Manipal Health Enterprises,3.8,0.65,590,5
2026-08-05,molbio-diagnostics-ipo,Molbio Diagnostics,80,9.91,807,2
2026-08-05,mv-electrosystems-ipo,MV Electrosystems,103.75,24.41,425,12
2026-08-05,oneindig-technologies-ipo,Oneindig Technologies,7,7.29,96,12
2026-08-05,technocraft-ventures-ipo,Technocraft Ventures,10.83,5.11,212,12
2026-08-06,aegeus-technologies-ipo,Aegeus Technologies,12,11.43,105,4
2026-08-06,anawil-wire-engieering-ipo,Anawil Wire & Engineering,77.45,28.69,270,11
2026-08-06,ardee-industries-ipo,Ardee Industries,14.95,28.22,53,11
2026-08-06,cube-highways-trust-invit-ipo,Cube Highways Trust InvIT,1.75,1.15,152,1
2026-08-06,dhaval-packaging-ipo,Dhaval Packaging,12,12.37,97,5
2026-08-06,dhoot-transmission-ipo,Dhoot Transmission,254.91,29.27,871,11
2026-08-06,gv-electricals-ipo,G.V. Electricals,26,20,130,11
2026-08-06,juniper-green-energy-ipo,Juniper Green Energy,22.8,10.13,225,5
2026-08-06,lapl-automotive-ipo,LAPL Automotive,30,31.91,94,11
2026-08-06,leap-india-ipo,LEAP India,8,5.03,159,11
2026-08-06,milky-mist-dairy-food-ipo,Milky Mist Dairy Food,33.67,24.05,140,3
2026-08-06,molbio-diagnostics-ipo,Molbio Diagnostics,196.36,24.33,807,11
2026-08-06,mv-electrosystems-ipo,MV Electrosystems,109,25.65,425,5
2026-08-06,oneindig-technologies-ipo,Oneindig Technologies,6.2,6.46,96,5
2026-08-06,optimystix-entertainment-ipo,Optimystix Entertainment,5,2.86,175,6
2026-08-06,shiprocket-ipo,Shiprocket,5,5.15,97,1
2026-08-06,technocraft-ventures-ipo,Technocraft Ventures,14.45,6.82,212,11
2026-08-07,aegeus-technologies-ipo,Aegeus Technologies,12,11.43,105,13
2026-08-07,anawil-wire-engieering-ipo,Anawil Wire & Engineering,65.08,24.1,270,13
2026-08-07,ardee-industries-ipo,Ardee Industries,13.92,26.27,53,13
2026-08-07,behari-lal-engineering-ipo,Behari Lal Engineering,26.88,9.43,285,8
2026-08-07,cube-highways-trust-invit-ipo,Cube Highways Trust InvIT,1.75,1.15,152,1
2026-08-07,dhoot-transmission-ipo,Dhoot Transmission,251.54,28.88,871,13
2026-08-07,gv-electricals-ipo,G.V. Electricals,25.38,19.53,130,13
2026-08-07,lapl-automotive-ipo,LAPL Automotive,32,34.04,94,13
2026-08-07,leap-india-ipo,LEAP India,16.38,10.3,159,13
2026-08-07,milky-mist-dairy-food-ipo,Milky Mist Dairy Food,24.85,17.75,140,13
2026-08-07,molbio-diagnostics-ipo,Molbio Diagnostics,189.23,23.45,807,13
2026-08-07,optimystix-entertainment-ipo,Optimystix Entertainment,5,2.86,175,13
2026-08-07,shiprocket-ipo,Shiprocket,15.46,15.94,97,13
2026-08-07,technocraft-ventures-ipo,Technocraft Ventures,16.08,7.59,212,13
2026-08-08,aegeus-technologies-ipo,Aegeus Technologies,12,11.43,105,12
2026-08-08,anawil-wire-engieering-ipo,Anawil Wire & Engineering,64,23.7,270,12
2026-08-08,ardee-industries-ipo,Ardee Industries,15.08,28.46,53,12
2026-08-08,behari-lal-engineering-ipo,Behari Lal Engineering,28.75,10.09,285,12
2026-08-08,cube-highways-trust-invit-ipo,Cube Highways Trust InvIT,1.75,1.15,152,1
2026-08-08,dhoot-transmission-ipo,Dhoot Transmission,250.5,28.76,871,12
2026-08-08,gv-electricals-ipo,G.V. Electricals,26,20,130,12
2026-08-08,lapl-automotive-ipo,LAPL Automotive,34,36.17,94,12
2026-08-08,leap-india-ipo,LEAP India,15.17,9.54,159,12
2026-08-08,milky-mist-dairy-food-ipo,Milky Mist Dairy Food,24.5,17.5,140,12
2026-08-08,molbio-diagnostics-ipo,Molbio Diagnostics,146.33,18.13,807,12
2026-08-08,optimystix-entertainment-ipo,Optimystix Entertainment,5,1.43,175,12
2026-08-08,qt-foods-ipo,Q&T Foods,6,5.22,115,8
2026-08-08,shiprocket-ipo,Shiprocket,14.67,15.12,97,12
2026-08-08,technocraft-ventures-ipo,Technocraft Ventures,17.29,8.16,212,12
2026-08-09,aegeus-technologies-ipo,Aegeus Technologies,12,11.43,105,12
2026-08-09,anawil-wire-engieering-ipo,Anawil Wire & Engineering,59.67,22.1,270,12
2026-08-09,ardee-industries-ipo,Ardee Industries,16,30.19,53,12
2026-08-09,behari-lal-engineering-ipo,Behari Lal Engineering,25,8.77,285,12
2026-08-09,cube-highways-trust-invit-ipo,Cube Highways Trust InvIT,1.75,1.15,152,1
2026-08-09,dhoot-transmission-ipo,Dhoot Transmission,259,29.74,871,12
2026-08-09,gv-electricals-ipo,G.V. Electricals,26,20,130,12
2026-08-09,lapl-automotive-ipo,LAPL Automotive,35,37.23,94,12
2026-08-09,leap-india-ipo,LEAP India,16,10.06,159,12
2026-08-09,milky-mist-dairy-food-ipo,Milky Mist Dairy Food,26.5,18.93,140,12
2026-08-09,molbio-diagnostics-ipo,Molbio Diagnostics,126.67,15.7,807,12
2026-08-09,optimystix-entertainment-ipo,Optimystix Entertainment,5,2.86,175,12
2026-08-09,qt-foods-ipo,Q&T Foods,6,5.22,115,12
2026-08-09,shiprocket-ipo,Shiprocket,18.75,19.33,97,12
2026-08-09,technocraft-ventures-ipo,Technocraft Ventures,21.54,10.16,212,12
2026-08-10,aegeus-technologies-ipo,Aegeus Technologies,12,11.43,105,11
2026-08-10,anawil-wire-engieering-ipo,Anawil Wire & Engineering,58,21.48,270,4
2026-08-10,ardee-industries-ipo,Ardee Industries,15.59,29.42,53,11
2026-08-10,behari-lal-engineering-ipo,Behari Lal Engineering,38.45,13.49,285,11
2026-08-10,cube-highways-trust-invit-ipo,Cube Highways Trust InvIT,1.75,1.15,152,1
2026-08-10,dhoot-transmission-ipo,Dhoot Transmission,261.27,30,871,11
2026-08-10,gv-electricals-ipo,G.V. Electricals,25.91,19.93,130,11
2026-08-10,lapl-automotive-ipo,LAPL Automotive,38.09,40.52,94,11
2026-08-10,leap-india-ipo,LEAP India,14,8.8,159,11
2026-08-10,milky-mist-dairy-food-ipo,Milky Mist Dairy Food,25.05,17.89,140,11
2026-08-10,molbio-diagnostics-ipo,Molbio Diagnostics,129.09,16,807,11
2026-08-10,optimystix-entertainment-ipo,Optimystix Entertainment,5,2.86,175,11
2026-08-10,qt-foods-ipo,Q&T Foods,11.73,10.2,115,11
2026-08-10,shiprocket-ipo,Shiprocket,24.36,25.12,97,11
2026-08-10,technocraft-ventures-ipo,Technocraft Ventures,24.86,11.73,212,11
2026-08-11,aegeus-technologies-ipo,Aegeus Technologies,12,11.43,105,5
2026-08-11,ardee-industries-ipo,Ardee Industries,13.65,25.76,53,13
2026-08-11,behari-lal-engineering-ipo,Behari Lal Engineering,51.23,17.98,285,13
2026-08-11,credent-connect-ipo,Credent Connect,25,13.23,189,5
2026-08-11,cube-highways-trust-invit-ipo,Cube Highways Trust InvIT,1.75,1.15,152,1
2026-08-11,dhoot-transmission-ipo,Dhoot Transmission,250.08,28.71,871,13
2026-08-11,gv-electricals-ipo,G.V. Electricals,25,19.23,130,13
2026-08-11,lalithaa-jewellery-mart-ipo,Lalithaa Jewellery Mart,15,7.46,201,1
2026-08-11,lapl-automotive-ipo,LAPL Automotive,39.62,42.14,94,13
2026-08-11,leap-india-ipo,LEAP India,10.94,6.88,159,13
2026-08-11,milky-mist-dairy-food-ipo,Milky Mist Dairy Food,21.31,15.22,140,13
2026-08-11,molbio-diagnostics-ipo,Molbio Diagnostics,126.85,15.72,807,13
2026-08-11,optimystix-entertainment-ipo,Optimystix Entertainment,5,0.78,175,11
2026-08-11,qt-foods-ipo,Q&T Foods,15,13.04,115,13
2026-08-11,shiprocket-ipo,Shiprocket,27.27,28.12,97,13
2026-08-11,technocraft-ventures-ipo,Technocraft Ventures,27.62,13.03,212,13
2026-08-11,technocrats-plasma-systems-ipo,Technocrats Plasma Systems,26.56,20.12,132,9
2026-08-12,ardee-industries-ipo,Ardee Industries,17,32.08,53,4
2026-08-12,behari-lal-engineering-ipo,Behari Lal Engineering,69.33,24.33,285,12
2026-08-12,credent-connect-ipo,Credent Connect,41.83,22.14,189,12
2026-08-12,cube-highways-trust-invit-ipo,Cube Highways Trust InvIT,1.75,1.15,152,1
2026-08-12,dhoot-transmission-ipo,Dhoot Transmission,254.17,29.18,871,12
2026-08-12,gv-electricals-ipo,G.V. Electricals,25,19.23,130,4
2026-08-12,lalithaa-jewellery-mart-ipo,Lalithaa Jewellery Mart,25.83,12.85,201,12
2026-08-12,lapl-automotive-ipo,LAPL Automotive,47.33,50.36,94,12
2026-08-12,leap-india-ipo,LEAP India,12.33,7.76,159,12
2026-08-12,milky-mist-dairy-food-ipo,Milky Mist Dairy Food,21.08,15.06,140,12
2026-08-12,molbio-diagnostics-ipo,Molbio Diagnostics,143.75,17.81,807,12
2026-08-12,optimystix-entertainment-ipo,Optimystix Entertainment,5,0,175,11
2026-08-12,qt-foods-ipo,Q&T Foods,18.5,16.09,115,12
2026-08-12,sham-foam-ipo,Sham Foam,8.5,6.54,130,8
2026-08-12,shiprocket-ipo,Shiprocket,31.75,32.73,97,12
2026-08-12,sunshine-pictures-ipo,Sunshine Pictures,14,3.89,360,2
2026-08-12,technocraft-ventures-ipo,Technocraft Ventures,32.78,13.89,212,9
2026-08-12,technocrats-plasma-systems-ipo,Technocrats Plasma Systems,19,4.55,132,2
2026-08-13,behari-lal-engineering-ipo,Behari Lal Engineering,76.14,26.72,285,14
2026-08-13,credent-connect-ipo,Credent Connect,63.21,33.45,189,14
2026-08-13,dhoot-transmission-ipo,Dhoot Transmission,277.71,31.89,871,14
2026-08-13,horizon-industrial-parks-ipo,Horizon Industrial Parks,4.5,7.5,60,3
2026-08-13,lalithaa-jewellery-mart-ipo,Lalithaa Jewellery Mart,34.64,17.24,201,14
2026-08-13,lapl-automotive-ipo,LAPL Automotive,50,53.19,94,4
2026-08-13,leap-india-ipo,LEAP India,12.82,8.06,159,14
2026-08-13,milky-mist-dairy-food-ipo,Milky Mist Dairy Food,25.77,18.41,140,14
2026-08-13,molbio-diagnostics-ipo,Molbio Diagnostics,155.43,19.26,807,14
2026-08-13,optimystix-entertainment-ipo,Optimystix Entertainment,5,0,175,10
2026-08-13,qt-foods-ipo,Q&T Foods,7.07,6.15,115,14
2026-08-13,sham-foam-ipo,Sham Foam,7.18,5.52,130,14
2026-08-13,shankesh-jewellers-ipo,Shankesh Jewellers,6.29,6.76,93,14
2026-08-13,shiprocket-ipo,Shiprocket,34.18,35.23,97,14
2026-08-13,skyways-air-ipo,Skyways Air,19,0,0,9
2026-08-13,sunshine-pictures-ipo,Sunshine Pictures,22.43,6.23,360,14
2026-08-13,technocraft-ventures-ipo,Technocraft Ventures,37.71,17.79,212,14
2026-08-13,technocrats-plasma-systems-ipo,Technocrats Plasma Systems,20.93,15.86,132,14
2026-08-14,behari-lal-engineering-ipo,Behari Lal Engineering,81.38,28.55,285,13
2026-08-14,credent-connect-ipo,Credent Connect,71.15,37.65,189,13
2026-08-14,dhoot-transmission-ipo,Dhoot Transmission,269.85,30.98,871,13
2026-08-14,horizon-industrial-parks-ipo,Horizon Industrial Parks,4.38,7.31,60,13
2026-08-14,lalithaa-jewellery-mart-ipo,Lalithaa Jewellery Mart,33.54,16.69,201,13
2026-08-14,leap-india-ipo,LEAP India,13,8.18,159,4
2026-08-14,milky-mist-dairy-food-ipo,Milky Mist Dairy Food,24.23,17.31,140,13
2026-08-14,molbio-diagnostics-ipo,Molbio Diagnostics,139.15,17.24,807,13
2026-08-14,mopshop-distribution-ipo,Mopshop Distribution,10,7.25,138,10
2026-08-14,optimystix-entertainment-ipo,Optimystix Entertainment,5,0,175,3
2026-08-14,qt-foods-ipo,Q&T Foods,1.46,1.27,115,13
2026-08-14,sham-foam-ipo,Sham Foam,4,3.08,130,13
2026-08-14,shankesh-jewellers-ipo,Shankesh Jewellers,6.92,7.44,93,13
2026-08-14,shiprocket-ipo,Shiprocket,35.46,36.56,97,13
2026-08-14,skytech-infinite-platform-ipo,Skytech Infinite Platform,12.31,15.98,77,13
2026-08-14,skyways-air-ipo,Skyways Air,21,14.16,127.38,13
2026-08-14,sunshine-pictures-ipo,Sunshine Pictures,43.31,12.03,360,13
2026-08-14,technocraft-ventures-ipo,Technocraft Ventures,42,19.81,212,4
2026-08-14,technocrats-plasma-systems-ipo,Technocrats Plasma Systems,25.85,19.58,132,13
2026-08-15,behari-lal-engineering-ipo,Behari Lal Engineering,83,29.12,285,11
2026-08-15,credent-connect-ipo,Credent Connect,57.73,30.54,189,11
2026-08-15,dhoot-transmission-ipo,Dhoot Transmission,261.27,30,871,11
2026-08-15,horizon-industrial-parks-ipo,Horizon Industrial Parks,4,6.67,60,11
2026-08-15,lalithaa-jewellery-mart-ipo,Lalithaa Jewellery Mart,24.05,11.96,201,11
2026-08-15,milky-mist-dairy-food-ipo,Milky Mist Dairy Food,19.64,14.03,140,11
2026-08-15,molbio-diagnostics-ipo,Molbio Diagnostics,118.73,14.71,807,11
2026-08-15,mopshop-distribution-ipo,Mopshop Distribution,10,7.25,138,11
2026-08-15,qt-foods-ipo,Q&T Foods,1,0.87,115,11
2026-08-15,sham-foam-ipo,Sham Foam,6.77,5.21,130,11
2026-08-15,shankesh-jewellers-ipo,Shankesh Jewellers,6,6.45,93,11
2026-08-15,shiprocket-ipo,Shiprocket,32.91,33.93,97,11
2026-08-15,skytech-infinite-platform-ipo,Skytech Infinite Platform,10,12.99,77,11
2026-08-15,skyways-air-ipo,Skyways Air,28,20.29,138,11
2026-08-15,sunshine-pictures-ipo,Sunshine Pictures,49.45,13.74,360,11
2026-08-15,technocrats-plasma-systems-ipo,Technocrats Plasma Systems,30.91,23.42,132,11
2026-08-15,tempsens-instruments-india-ipo,Tempsens Instruments (India),73.9,0,0,10
2026-08-16,behari-lal-engineering-ipo,Behari Lal Engineering,83.08,29.15,285,13
2026-08-16,credent-connect-ipo,Credent Connect,55,29.1,189,13
2026-08-16,dhoot-transmission-ipo,Dhoot Transmission,256.23,29.42,871,13
2026-08-16,horizon-industrial-parks-ipo,Horizon Industrial Parks,3.92,6.54,60,13
2026-08-16,lalithaa-jewellery-mart-ipo,Lalithaa Jewellery Mart,26.81,13.34,201,13
2026-08-16,milky-mist-dairy-food-ipo,Milky Mist Dairy Food,18.23,13.02,140,13
2026-08-16,molbio-diagnostics-ipo,Molbio Diagnostics,126.54,15.68,807,13
2026-08-16,mopshop-distribution-ipo,Mopshop Distribution,10,7.25,138,13
2026-08-16,qt-foods-ipo,Q&T Foods,1,0.87,115,13
2026-08-16,sham-foam-ipo,Sham Foam,8.08,6.21,130,13
2026-08-16,shankesh-jewellers-ipo,Shankesh Jewellers,5.38,5.79,93,13
2026-08-16,shiprocket-ipo,Shiprocket,32,32.99,97,13
2026-08-16,skytech-infinite-platform-ipo,Skytech Infinite Platform,10,12.99,77,13
2026-08-16,skyways-air-ipo,Skyways Air,28,20.29,138,13
2026-08-16,sunshine-pictures-ipo,Sunshine Pictures,53.08,14.74,360,13
2026-08-16,technocrats-plasma-systems-ipo,Technocrats Plasma Systems,32,24.24,132,13
2026-08-16,tempsens-instruments-india-ipo,Tempsens Instruments (India),85,0,0,13
2026-08-17,behari-lal-engineering-ipo,Behari Lal Engineering,89.89,31.54,285,9
2026-08-17,credent-connect-ipo,Credent Connect,52.78,27.92,189,9
2026-08-17,dhoot-transmission-ipo,Dhoot Transmission,261,29.97,871,4
2026-08-17,gaja-alternative-asset-management-ipo,Gaja Alternative Asset Management,9.1,5.69,160,4
2026-08-17,horizon-industrial-parks-ipo,Horizon Industrial Parks,2.62,4.37,60,9
2026-08-17,lalithaa-jewellery-mart-ipo,Lalithaa Jewellery Mart,30.67,15.26,201,9
2026-08-17,milky-mist-dairy-food-ipo,Milky Mist Dairy Food,18.44,13.18,140,9
2026-08-17,molbio-diagnostics-ipo,Molbio Diagnostics,119,14.75,807,4
2026-08-17,mopshop-distribution-ipo,Mopshop Distribution,11.56,8.38,138,9
2026-08-17,qt-foods-ipo,Q&T Foods,1,0.87,115,9
2026-08-17,sham-foam-ipo,Sham Foam,5.11,3.94,130,9
2026-08-17,shankesh-jewellers-ipo,Shankesh Jewellers,3.78,4.07,93,9
2026-08-17,shiprocket-ipo,Shiprocket,32.94,33.96,97,9
2026-08-17,skytech-infinite-platform-ipo,Skytech Infinite Platform,4.78,6.2,77,9
2026-08-17,skyways-air-ipo,Skyways Air,29.11,21.09,138,9
2026-08-17,sunshine-pictures-ipo,Sunshine Pictures,59.78,16.6,360,9
2026-08-17,technocrats-plasma-systems-ipo,Technocrats Plasma Systems,30.67,23.23,132,9
2026-08-17,tempsens-instruments-india-ipo,Tempsens Instruments (India),105.11,30.22,233.33,9
2026-08-18,augmont-enterprises-ipo,Augmont Enterprises,175.83,22.31,788,6
2026-08-18,behari-lal-engineering-ipo,Behari Lal Engineering,116.11,40.74,285,9
2026-08-18,credent-connect-ipo,Credent Connect,47.78,25.28,189,9
2026-08-18,ens-enterprises-ipo,ENS Enterprises,4,4.35,92,3
2026-08-18,gaja-alternative-asset-management-ipo,Gaja Alternative Asset Management,10.89,6.81,160,9
2026-08-18,horizon-industrial-parks-ipo,Horizon Industrial Parks,1.39,2.32,60,9
2026-08-18,lalithaa-jewellery-mart-ipo,Lalithaa Jewellery Mart,33.03,16.43,201,9
2026-08-18,milky-mist-dairy-food-ipo,Milky Mist Dairy Food,19.7,14.07,140,4
2026-08-18,mopshop-distribution-ipo,Mopshop Distribution,18.89,13.68,138,9
2026-08-18,qt-foods-ipo,Q&T Foods,1,0.87,115,9
2026-08-18,sham-foam-ipo,Sham Foam,1.5,1.15,130,4
2026-08-18,shankesh-jewellers-ipo,Shankesh Jewellers,3.22,3.47,93,9
2026-08-18,shiprocket-ipo,Shiprocket,35.17,36.26,97,9
2026-08-18,skytech-infinite-platform-ipo,Skytech Infinite Platform,1,1.3,77,9
2026-08-18,skyways-air-ipo,Skyways Air,32.67,23.67,138,9
2026-08-18,sumax-engineering-ipo,Sumax Engineering,10,9.9,101,5
2026-08-18,sunshine-pictures-ipo,Sunshine Pictures,75.22,20.89,360,9
2026-08-18,technocrats-plasma-systems-ipo,Technocrats Plasma Systems,36.89,27.95,132,9
2026-08-18,tempsens-instruments-india-ipo,Tempsens Instruments (India),159.56,53.18,300,9
2026-08-19,augmont-enterprises-ipo,Augmont Enterprises,209.27,26.56,788,11
2026-08-19,behari-lal-engineering-ipo,Behari Lal Engineering,133,46.67,285,5
2026-08-19,credent-connect-ipo,Credent Connect,73.82,39.06,189,11
2026-08-19,dhanwel-hybrid-seeds-ipo,Dhanwel Hybrid Seeds,8.5,8.59,99,2
2026-08-19,ens-enterprises-ipo,ENS Enterprises,4,4.35,92,11
2026-08-19,gaja-alternative-asset-management-ipo,Gaja Alternative Asset Management,26.45,16.53,160,11
2026-08-19,horizon-industrial-parks-ipo,Horizon Industrial Parks,1.16,1.64,60,11
2026-08-19,hy-tech-engineers-ipo,Hy-Tech Engineers,5,9.43,53,3
2026-08-19,lalithaa-jewellery-mart-ipo,Lalithaa Jewellery Mart,44.5,22.14,201,11
2026-08-19,mopshop-distribution-ipo,Mopshop Distribution,17,12.32,138,11
2026-08-19,qt-foods-ipo,Q&T Foods,1,0.87,115,5
2026-08-19,shankesh-jewellers-ipo,Shankesh Jewellers,4.23,4.55,93,11
2026-08-19,shiprocket-ipo,Shiprocket,35.6,36.7,97,5
2026-08-19,skytech-infinite-platform-ipo,Skytech Infinite Platform,1,1.3,77,11
2026-08-19,skyways-air-ipo,Skyways Air,40.36,29.25,138,11
2026-08-19,sumax-engineering-ipo,Sumax Engineering,20.91,20.7,101,11
2026-08-19,sunshine-pictures-ipo,Sunshine Pictures,77.27,21.47,360,11
2026-08-19,symbiotec-pharmalab-ipo,Symbiotec Pharmalab,192,19.43,988,5
2026-08-19,technocrats-plasma-systems-ipo,Technocrats Plasma Systems,43,32.58,132,11
2026-08-19,tempsens-instruments-india-ipo,Tempsens Instruments (India),185,61.67,300,11
2026-08-20,augmont-enterprises-ipo,Augmont Enterprises,286.82,36.4,788,11
2026-08-20,credent-connect-ipo,Credent Connect,92,48.68,189,4
2026-08-20,dhanwel-hybrid-seeds-ipo,Dhanwel Hybrid Seeds,10,10.1,99,11
2026-08-20,ens-enterprises-ipo,ENS Enterprises,5.27,5.73,92,11
2026-08-20,gaja-alternative-asset-management-ipo,Gaja Alternative Asset Management,20.27,12.67,160,11
2026-08-20,horizon-industrial-parks-ipo,Horizon Industrial Parks,2.18,3.63,60,11
2026-08-20,hy-tech-engineers-ipo,Hy-Tech Engineers,7.27,13.72,53,11
2026-08-20,kwick-forensic-solutions-ipo,Kwick Forensic Solutions,15,0,0,7
2026-08-20,lalithaa-jewellery-mart-ipo,Lalithaa Jewellery Mart,57.91,28.81,201,11
2026-08-20,mopshop-distribution-ipo,Mopshop Distribution,2.64,1.91,138,11
2026-08-20,shankesh-jewellers-ipo,Shankesh Jewellers,2.73,2.93,93,11
2026-08-20,skytech-infinite-platform-ipo,Skytech Infinite Platform,1,1.3,77,11
2026-08-20,skyways-air-ipo,Skyways Air,44.18,32.01,138,11
2026-08-20,sumax-engineering-ipo,Sumax Engineering,30.36,30.06,101,11
2026-08-20,sunshine-pictures-ipo,Sunshine Pictures,74.73,20.76,360,11
2026-08-20,symbiotec-pharmalab-ipo,Symbiotec Pharmalab,244.09,24.71,988,11
2026-08-20,technocrats-plasma-systems-ipo,Technocrats Plasma Systems,54.82,41.53,132,11
2026-08-20,tempsens-instruments-india-ipo,Tempsens Instruments (India),236.64,78.88,300,11
2026-08-21,annu-projects-ipo,Annu Projects,4,4.04,99,6
2026-08-21,augmont-enterprises-ipo,Augmont Enterprises,302.31,38.36,788,13
2026-08-21,dhanwel-hybrid-seeds-ipo,Dhanwel Hybrid Seeds,2.69,2.72,99,13
2026-08-21,ens-enterprises-ipo,ENS Enterprises,5,5.43,92,5
2026-08-21,gaja-alternative-asset-management-ipo,Gaja Alternative Asset Management,16.62,10.38,160,13
2026-08-21,horizon-industrial-parks-ipo,Horizon Industrial Parks,3.21,5.35,60,13
2026-08-21,hy-tech-engineers-ipo,Hy-Tech Engineers,22,41.51,53,13
2026-08-21,kwick-forensic-solutions-ipo,Kwick Forensic Solutions,21.46,0,0,13
2026-08-21,lalithaa-jewellery-mart-ipo,Lalithaa Jewellery Mart,58.62,29.16,201,13
2026-08-21,lumino-industries-ipo,Lumino Industries,44.57,54.36,82,7
2026-08-21,mopshop-distribution-ipo,Mopshop Distribution,1,0.72,138,13
2026-08-21,shankesh-jewellers-ipo,Shankesh Jewellers,4.08,4.39,93,13
2026-08-21,skytech-infinite-platform-ipo,Skytech Infinite Platform,1,1.3,77,5
2026-08-21,skyways-air-ipo,Skyways Air,43.62,31.6,138,13
2026-08-21,sumax-engineering-ipo,Sumax Engineering,32,31.68,101,13
2026-08-21,sunshine-pictures-ipo,Sunshine Pictures,74.38,20.66,360,13
2026-08-21,symbiotec-pharmalab-ipo,Symbiotec Pharmalab,324.23,32.82,988,13
2026-08-21,technocrats-plasma-systems-ipo,Technocrats Plasma Systems,70,53.03,132,5
2026-08-21,tempsens-instruments-india-ipo,Tempsens Instruments (India),275.46,91.82,300,13
2026-08-22,annu-projects-ipo,Annu Projects,4,4.04,99,12
2026-08-22,augmont-enterprises-ipo,Augmont Enterprises,351.17,44.56,788,12
2026-08-22,dhanwel-hybrid-seeds-ipo,Dhanwel Hybrid Seeds,1,1.01,99,12
2026-08-22,gaja-alternative-asset-management-ipo,Gaja Alternative Asset Management,17.96,11.23,160,12
2026-08-22,horizon-industrial-parks-ipo,Horizon Industrial Parks,2.64,4.41,60,12
2026-08-22,hy-tech-engineers-ipo,Hy-Tech Engineers,23.67,44.65,53,12
2026-08-22,kwick-forensic-solutions-ipo,Kwick Forensic Solutions,43,43.8,82.5,12
2026-08-22,lalithaa-jewellery-mart-ipo,Lalithaa Jewellery Mart,68.79,34.23,201,12
2026-08-22,lumino-industries-ipo,Lumino Industries,47.58,58.03,82,12
2026-08-22,mopshop-distribution-ipo,Mopshop Distribution,1,0.72,138,12
2026-08-22,shankesh-jewellers-ipo,Shankesh Jewellers,2.3,1.94,93,10
2026-08-22,skyways-air-ipo,Skyways Air,42,30.43,138,12
2026-08-22,sumax-engineering-ipo,Sumax Engineering,32,31.68,101,12
2026-08-22,sunshine-pictures-ipo,Sunshine Pictures,64,17.78,360,12
2026-08-22,symbiotec-pharmalab-ipo,Symbiotec Pharmalab,368.08,37.26,988,12
2026-08-22,tempsens-instruments-india-ipo,Tempsens Instruments (India),304.17,101.39,300,12
2026-08-23,annu-projects-ipo,Annu Projects,4,4.04,99,10
2026-08-23,augmont-enterprises-ipo,Augmont Enterprises,389,49.37,788,10
2026-08-23,dhanwel-hybrid-seeds-ipo,Dhanwel Hybrid Seeds,1,1.01,99,10
2026-08-23,gaja-alternative-asset-management-ipo,Gaja Alternative Asset Management,17.1,10.68,160,10
2026-08-23,horizon-industrial-parks-ipo,Horizon Industrial Parks,2.2,3.67,60,10
2026-08-23,hy-tech-engineers-ipo,Hy-Tech Engineers,27,50.94,53,10
2026-08-23,kwick-forensic-solutions-ipo,Kwick Forensic Solutions,58,64.45,90,10
2026-08-23,lalithaa-jewellery-mart-ipo,Lalithaa Jewellery Mart,75.55,37.59,201,10
2026-08-23,lumino-industries-ipo,Lumino Industries,51,62.19,82,10
2026-08-23,madhur-knit-ipo,Madhur Knit,9,9,100,1
2026-08-23,mopshop-distribution-ipo,Mopshop Distribution,1,0.72,138,10
2026-08-23,shankesh-jewellers-ipo,Shankesh Jewellers,1.9,2.04,93,10
2026-08-23,skyways-air-ipo,Skyways Air,35.5,25.72,138,10
2026-08-23,sumax-engineering-ipo,Sumax Engineering,32,31.68,101,10
2026-08-23,sunshine-pictures-ipo,Sunshine Pictures,68,18.89,360,10
2026-08-23,symbiotec-pharmalab-ipo,Symbiotec Pharmalab,409.3,41.43,988,10
2026-08-23,tempsens-instruments-india-ipo,Tempsens Instruments (India),318.2,106.07,300,10
2026-08-24,annu-projects-ipo,Annu Projects,4.27,2.94,99,11
2026-08-24,augmont-enterprises-ipo,Augmont Enterprises,375.42,47.64,788,12
2026-08-24,dhanwel-hybrid-seeds-ipo,Dhanwel Hybrid Seeds,1,1.01,99,12
2026-08-24,gaja-alternative-asset-management-ipo,Gaja Alternative Asset Management,15.88,9.92,160,12
2026-08-24,horizon-industrial-parks-ipo,Horizon Industrial Parks,1.5,2.5,60,4
2026-08-24,hy-tech-engineers-ipo,Hy-Tech Engineers,28.33,53.46,53,12
2026-08-24,kwick-forensic-solutions-ipo,Kwick Forensic Solutions,61.75,68.61,90,12
2026-08-24,lalithaa-jewellery-mart-ipo,Lalithaa Jewellery Mart,74.75,37.19,201,4
2026-08-24,lumino-industries-ipo,Lumino Industries,47.58,58.03,82,12
2026-08-24,madhur-knit-ipo,Madhur Knit,14.25,14.25,100,12
2026-08-24,mopshop-distribution-ipo,Mopshop Distribution,1,0.72,138,12
2026-08-24,paluck-technologies-ipo,Paluck Technologies,10,20.83,48,3
2026-08-24,priority-jewels-ipo,Priority Jewels,22.5,11.25,200,6
2026-08-24,shankesh-jewellers-ipo,Shankesh Jewellers,2.09,1.27,93,11
2026-08-24,shanti-inorganics-ipo,Shanti Inorganics,20,24.1,83,1
2026-08-24,skyways-air-ipo,Skyways Air,32,23.19,138,12
2026-08-24,sumax-engineering-ipo,Sumax Engineering,32,31.68,101,12
2026-08-24,sunshine-pictures-ipo,Sunshine Pictures,60.33,16.76,360,12
2026-08-24,symbiotec-pharmalab-ipo,Symbiotec Pharmalab,396.08,40.09,988,12
2026-08-24,tempsens-instruments-india-ipo,Tempsens Instruments (India),312.58,104.19,300,12
2026-08-25,annu-projects-ipo,Annu Projects,5,0,99,3
2026-08-25,augmont-enterprises-ipo,Augmont Enterprises,325,41.24,788,5
2026-08-25,dhanwel-hybrid-seeds-ipo,Dhanwel Hybrid Seeds,1,1.01,99,5
2026-08-25,esds-software-ipo,ESDS Software Solution,192.5,44.87,429,4
2026-08-25,gaja-alternative-asset-management-ipo,Gaja Alternative Asset Management,16.7,10.44,160,5
2026-08-25,hy-tech-engineers-ipo,Hy-Tech Engineers,30,56.6,53,5
2026-08-25,kwick-forensic-solutions-ipo,Kwick Forensic Solutions,64,71.11,90,5
2026-08-25,lumino-industries-ipo,Lumino Industries,47.8,58.3,82,5
2026-08-25,madhur-knit-ipo,Madhur Knit,16,16,100,5
2026-08-25,mopshop-distribution-ipo,Mopshop Distribution,1,0.72,138,5
2026-08-25,paluck-technologies-ipo,Paluck Technologies,10,20.83,48,5
2026-08-25,priority-jewels-ipo,Priority Jewels,28,14,200,5
2026-08-25,shankesh-jewellers-ipo,Shankesh Jewellers,2.75,2.96,93,4
2026-08-25,shanti-inorganics-ipo,Shanti Inorganics,25,30.12,83,5
2026-08-25,skyways-air-ipo,Skyways Air,30.8,22.32,138,5
2026-08-25,sumax-engineering-ipo,Sumax Engineering,33.2,32.87,101,5
2026-08-25,sunshine-pictures-ipo,Sunshine Pictures,50,13.89,360,4
2026-08-25,symbiotec-pharmalab-ipo,Symbiotec Pharmalab,344,34.82,988,5
2026-08-25,tempsens-instruments-india-ipo,Tempsens Instruments (India),313,104.33,300,5
2026-08-26,annu-projects-ipo,Annu Projects,4,4.04,99,4
2026-08-26,ashutosh-fibre-ipo,Ashutosh Fibre,14.6,15.87,92,5
2026-08-26,augmont-enterprises-ipo,Augmont Enterprises,316,40.1,788,5
2026-08-26,dhanwel-hybrid-seeds-ipo,Dhanwel Hybrid Seeds,1,1.01,99,2
2026-08-26,esds-software-ipo,ESDS Software Solution,335,78.09,429,5
2026-08-26,gaja-alternative-asset-management-ipo,Gaja Alternative Asset Management,18.5,11.56,160,2
2026-08-26,hy-tech-engineers-ipo,Hy-Tech Engineers,39.6,74.72,53,5
2026-08-26,kwick-forensic-solutions-ipo,Kwick Forensic Solutions,64,71.11,90,5
2026-08-26,lumino-industries-ipo,Lumino Industries,47.2,57.56,82,5
2026-08-26,madhur-knit-ipo,Madhur Knit,14.8,14.8,100,5
2026-08-26,mopshop-distribution-ipo,Mopshop Distribution,1,0.72,138,2
2026-08-26,paluck-technologies-ipo,Paluck Technologies,23.6,49.16,48,5
2026-08-26,priority-jewels-ipo,Priority Jewels,29,14.5,200,5
2026-08-26,rays-of-belief-ipo,Rays of Belief,18,7.53,239,3
2026-08-26,shanti-inorganics-ipo,Shanti Inorganics,31,37.35,83,5
2026-08-26,skyways-air-ipo,Skyways Air,36,26.09,138,5
2026-08-26,sumax-engineering-ipo,Sumax Engineering,29,28.71,101,5
2026-08-26,symbiotec-pharmalab-ipo,Symbiotec Pharmalab,330.4,33.44,988,5
2026-08-26,tempsens-instruments-india-ipo,Tempsens Instruments (India),305.6,101.87,300,5
2026-08-27,annu-projects-ipo,Annu Projects,6.06,6.12,99,9
2026-08-27,ashutosh-fibre-ipo,Ashutosh Fibre,30.78,33.45,92,9
2026-08-27,augmont-enterprises-ipo,Augmont Enterprises,304.78,38.68,788,9
2026-08-27,deepa-jewellers-ipo,Deepa Jewellers,30.38,17.16,177,8
2026-08-27,esds-software-ipo,ESDS Software Solution,347.56,81.01,429,9
2026-08-27,hy-tech-engineers-ipo,Hy-Tech Engineers,44.78,84.49,53,9
2026-08-27,kwick-forensic-solutions-ipo,Kwick Forensic Solutions,64,71.11,90,9
2026-08-27,lumino-industries-ipo,Lumino Industries,55.22,67.34,82,9
2026-08-27,madhur-knit-ipo,Madhur Knit,3.89,3.89,100,9
2026-08-27,paluck-technologies-ipo,Paluck Technologies,25,52.08,48,9
2026-08-27,phychem-technologies-ipo,Phychem Technologies,3,5.56,54,9
2026-08-27,priority-jewels-ipo,Priority Jewels,36.22,18.11,200,9
2026-08-27,rays-of-belief-ipo,Rays of Belief,11.44,4.79,239,9
2026-08-27,shanti-inorganics-ipo,Shanti Inorganics,31,37.35,83,9
2026-08-27,skyways-air-ipo,Skyways Air,44.44,32.2,138,9
2026-08-27,sumax-engineering-ipo,Sumax Engineering,27.78,27.5,101,9
2026-08-27,symbiotec-pharmalab-ipo,Symbiotec Pharmalab,271,27.43,988,9
2026-08-27,tempsens-instruments-india-ipo,Tempsens Instruments (India),311.44,103.81,300,9
2026-08-28,annu-projects-ipo,Annu Projects,3.44,3.48,99,9
2026-08-28,ashutosh-fibre-ipo,Ashutosh Fibre,37,40.22,92,9
2026-08-28,augmont-enterprises-ipo,Augmont Enterprises,294.89,37.42,788,9
2026-08-28,deepa-jewellers-ipo,Deepa Jewellers,47.11,26.61,177,9
2026-08-28,esds-software-ipo,ESDS Software Solution,337.78,78.74,429,9
2026-08-28,hy-tech-engineers-ipo,Hy-Tech Engineers,45,84.91,53,9
2026-08-28,kwick-forensic-solutions-ipo,Kwick Forensic Solutions,64,71.11,90,9
2026-08-28,lumino-industries-ipo,Lumino Industries,57.67,70.32,82,9
2026-08-28,madhur-knit-ipo,Madhur Knit,2,2,100,9
2026-08-28,paluck-technologies-ipo,Paluck Technologies,25,52.08,48,9
2026-08-28,phychem-technologies-ipo,Phychem Technologies,3,5.56,54,9
2026-08-28,priority-jewels-ipo,Priority Jewels,37.33,18.67,200,9
2026-08-28,rays-of-belief-ipo,Rays of Belief,9.78,4.09,239,9
2026-08-28,shanti-inorganics-ipo,Shanti Inorganics,31,37.35,83,9
2026-08-28,skyways-air-ipo,Skyways Air,40.44,29.31,138,9
2026-08-28,sumax-engineering-ipo,Sumax Engineering,35.56,35.2,101,9
2026-08-28,symbiotec-pharmalab-ipo,Symbiotec Pharmalab,264.44,26.77,988,9
2026-08-28,tempsens-instruments-india-ipo,Tempsens Instruments (India),330,110,300,3
2026-08-29,annu-projects-ipo,Annu Projects,1,1.01,99,13
2026-08-29,ashutosh-fibre-ipo,Ashutosh Fibre,37,40.22,92,13
2026-08-29,augmont-enterprises-ipo,Augmont Enterprises,294.15,37.33,788,13
2026-08-29,deepa-jewellers-ipo,Deepa Jewellers,50.46,28.51,177,13
2026-08-29,esds-software-ipo,ESDS Software Solution,368.15,85.82,429,13
2026-08-29,hy-tech-engineers-ipo,Hy-Tech Engineers,41,77.36,53,13
2026-08-29,kwick-forensic-solutions-ipo,Kwick Forensic Solutions,68.15,75.73,90,13
2026-08-29,lumino-industries-ipo,Lumino Industries,61.69,75.23,82,13
2026-08-29,madhur-knit-ipo,Madhur Knit,2,2,100,13
2026-08-29,paluck-technologies-ipo,Paluck Technologies,25,52.08,48,13
2026-08-29,phychem-technologies-ipo,Phychem Technologies,3,5.56,54,13
2026-08-29,priority-jewels-ipo,Priority Jewels,45.62,22.81,200,13
2026-08-29,purple-style-labs-ipo,Purple Style Labs,31.31,5.45,575,13
2026-08-29,rays-of-belief-ipo,Rays of Belief,28.46,11.91,239,13
2026-08-29,shanti-inorganics-ipo,Shanti Inorganics,31,37.35,83,13
2026-08-29,skyways-air-ipo,Skyways Air,38.88,28.18,138,13
2026-08-29,sumax-engineering-ipo,Sumax Engineering,36,35.64,101,13
2026-08-29,symbiotec-pharmalab-ipo,Symbiotec Pharmalab,249.46,25.25,988,13
2026-08-30,annu-projects-ipo,Annu Projects,1,1.01,99,9
2026-08-30,ashutosh-fibre-ipo,Ashutosh Fibre,37,40.22,92,10
2026-08-30,augmont-enterprises-ipo,Augmont Enterprises,287.6,36.49,788,10
2026-08-30,deepa-jewellers-ipo,Deepa Jewellers,48.4,27.34,177,10
2026-08-30,esds-software-ipo,ESDS Software Solution,366.4,85.41,429,10
2026-08-30,hy-tech-engineers-ipo,Hy-Tech Engineers,43,81.13,53,10
2026-08-30,kwick-forensic-solutions-ipo,Kwick Forensic Solutions,70,77.78,90,10
2026-08-30,lumino-industries-ipo,Lumino Industries,62.1,75.73,82,10
2026-08-30,madhur-knit-ipo,Madhur Knit,2,2,100,10
2026-08-30,paluck-technologies-ipo,Paluck Technologies,25,52.08,48,10
2026-08-30,phychem-technologies-ipo,Phychem Technologies,3,5.56,54,10
2026-08-30,priority-jewels-ipo,Priority Jewels,45,22.5,200,10
2026-08-30,purple-style-labs-ipo,Purple Style Labs,31,5.39,575,10
2026-08-30,rays-of-belief-ipo,Rays of Belief,31.9,13.35,239,10
2026-08-30,shanti-inorganics-ipo,Shanti Inorganics,31,37.35,83,10
2026-08-30,skyways-air-ipo,Skyways Air,39.5,28.62,138,10
2026-08-30,sumax-engineering-ipo,Sumax Engineering,36,35.64,101,10
2026-08-30,symbiotec-pharmalab-ipo,Symbiotec Pharmalab,240.2,24.31,988,10
2026-08-31,ashutosh-fibre-ipo,Ashutosh Fibre,37.3,40.55,92,10
2026-08-31,augmont-enterprises-ipo,Augmont Enterprises,290,36.8,788,3
2026-08-31,deepa-jewellers-ipo,Deepa Jewellers,41.4,23.39,177,10
2026-08-31,esds-software-ipo,ESDS Software Solution,326.3,76.06,429,10
2026-08-31,fly-hi-maritime-ipo,Fly-Hi Maritime,5,4.9,102,1
2026-08-31,hy-tech-engineers-ipo,Hy-Tech Engineers,41.4,78.11,53,10
2026-08-31,kwick-forensic-solutions-ipo,Kwick Forensic Solutions,71.5,79.45,90,10
2026-08-31,lumino-industries-ipo,Lumino Industries,54.85,66.89,82,10
2026-08-31,madhur-knit-ipo,Madhur Knit,2,2,100,10
2026-08-31,paluck-technologies-ipo,Paluck Technologies,28,58.33,48,10
2026-08-31,phychem-technologies-ipo,Phychem Technologies,2,3.71,54,10
2026-08-31,priority-jewels-ipo,Priority Jewels,45,22.5,200,10
2026-08-31,purple-style-labs-ipo,Purple Style Labs,13.9,2.42,575,10
2026-08-31,rays-of-belief-ipo,Rays of Belief,32.3,13.51,239,10
2026-08-31,shanti-inorganics-ipo,Shanti Inorganics,31,37.35,83,10
2026-08-31,skyways-air-ipo,Skyways Air,36.25,26.27,138,10
2026-08-31,sumax-engineering-ipo,Sumax Engineering,36,35.64,101,10
2026-08-31,symbiotec-pharmalab-ipo,Symbiotec Pharmalab,211.5,21.41,988,10
2026-09-01,ashutosh-fibre-ipo,Ashutosh Fibre,28.73,31.22,92,11
2026-09-01,deepa-jewellers-ipo,Deepa Jewellers,48.36,27.32,177,11
2026-09-01,esds-software-ipo,ESDS Software Solution,279.09,65.06,429,11
2026-09-01,fly-hi-maritime-ipo,Fly-Hi Maritime,7.91,7.75,102,11
2026-09-01,hy-tech-engineers-ipo,Hy-Tech Engineers,36,67.93,53,4
2026-09-01,kwick-forensic-solutions-ipo,Kwick Forensic Solutions,85,94.44,90,11
2026-09-01,lumino-industries-ipo,Lumino Industries,43.36,52.88,82,11
2026-09-01,madhur-knit-ipo,Madhur Knit,2,2,100,4
2026-09-01,paluck-technologies-ipo,Paluck Technologies,26.82,55.87,48,11
2026-09-01,phychem-technologies-ipo,Phychem Technologies,1,1.85,54,11
2026-09-01,pranav-constructions-ipo,Pranav Constructions,22,0,0,2
2026-09-01,priority-jewels-ipo,Priority Jewels,36.09,18.05,200,11
2026-09-01,purple-style-labs-ipo,Purple Style Labs,4.55,0.79,575,11
2026-09-01,qualiance-international-ipo,Qualiance International,50,39.37,127,2
2026-09-01,rays-of-belief-ipo,Rays of Belief,44.36,18.56,239,11
2026-09-01,shanti-inorganics-ipo,Shanti Inorganics,18.64,22.45,83,11
2026-09-01,skyways-air-ipo,Skyways Air,32.25,23.37,138,4
2026-09-01,sumax-engineering-ipo,Sumax Engineering,31.45,31.14,101,11
2026-09-01,symbiotec-pharmalab-ipo,Symbiotec Pharmalab,185,18.72,988,4
2026-09-01,veegaland-developers-ipo,Veegaland Developers,15,10.72,140,8
2026-09-02,ashutosh-fibre-ipo,Ashutosh Fibre,25.9,28.15,92,10
2026-09-02,deepa-jewellers-ipo,Deepa Jewellers,34.2,19.32,177,10
2026-09-02,esds-software-ipo,ESDS Software Solution,251.3,58.58,429,10
2026-09-02,fly-hi-maritime-ipo,Fly-Hi Maritime,16.75,16.42,102,10
2026-09-02,kwick-forensic-solutions-ipo,Kwick Forensic Solutions,76.8,85.33,90,10
2026-09-02,lumino-industries-ipo,Lumino Industries,35.5,43.29,82,10
2026-09-02,paluck-technologies-ipo,Paluck Technologies,15,31.25,48,10
2026-09-02,phychem-technologies-ipo,Phychem Technologies,1,1.85,54,10
2026-09-02,pranav-constructions-ipo,Pranav Constructions,24.4,15.97,99.2,10
2026-09-02,priority-jewels-ipo,Priority Jewels,30.4,15.2,200,10
2026-09-02,purple-style-labs-ipo,Purple Style Labs,1.85,0.25,575,10
2026-09-02,qualiance-international-ipo,Qualiance International,51.5,40.55,127,10
2026-09-02,rays-of-belief-ipo,Rays of Belief,35.7,14.94,239,10
2026-09-02,shanti-inorganics-ipo,Shanti Inorganics,23.4,28.19,83,10
2026-09-02,sumax-engineering-ipo,Sumax Engineering,22,21.78,101,4
2026-09-02,veegaland-developers-ipo,Veegaland Developers,18,12.86,140,10
2026-09-03,ashutosh-fibre-ipo,Ashutosh Fibre,33,35.87,92,10
2026-09-03,deepa-jewellers-ipo,Deepa Jewellers,23.7,13.39,177,10
2026-09-03,esds-software-ipo,ESDS Software Solution,235.5,54.9,429,10
2026-09-03,farm-peace-ipo,Farm Peace,2,3.39,59,2
2026-09-03,fly-hi-maritime-ipo,Fly-Hi Maritime,8.2,8.04,102,10
2026-09-03,glass-wall-systems-ipo,Glass Wall Systems,20,10.99,182,6
2026-09-03,kanohar-electricals-ipo,Kanohar Electricals,125.75,19.9,632,8
2026-09-03,kwick-forensic-solutions-ipo,Kwick Forensic Solutions,78,86.67,90,3
2026-09-03,lumino-industries-ipo,Lumino Industries,38.5,46.95,82,3
2026-09-03,paluck-technologies-ipo,Paluck Technologies,9.3,19.37,48,10
2026-09-03,phychem-technologies-ipo,Phychem Technologies,1,1.85,54,10
2026-09-03,pranav-constructions-ipo,Pranav Constructions,28.2,22.74,124,10
2026-09-03,prasol-chemicals-ipo,Prasol Chemicals,14,2.07,676,6
2026-09-03,priority-jewels-ipo,Priority Jewels,29.8,14.9,200,10
2026-09-03,purple-style-labs-ipo,Purple Style Labs,1.75,0.31,575,10
2026-09-03,qualiance-international-ipo,Qualiance International,55,43.31,127,10
2026-09-03,rays-of-belief-ipo,Rays of Belief,38.2,15.99,239,10
2026-09-03,shanti-inorganics-ipo,Shanti Inorganics,13,15.66,83,10
2026-09-03,veegaland-developers-ipo,Veegaland Developers,18,12.86,140,10
2026-09-04,amtech-esters-ipo,Amtech Esters,5,6.67,75,4
2026-09-04,apana-logistics-ipo,Apana Logistics,3,5,60,9
2026-09-04,ashutosh-fibre-ipo,Ashutosh Fibre,39.09,42.49,92,11
2026-09-04,deepa-jewellers-ipo,Deepa Jewellers,20,11.3,177,11
2026-09-04,esds-software-ipo,ESDS Software Solution,259.2,60.42,429,5
2026-09-04,farm-peace-ipo,Farm Peace,11.82,20.03,59,11
2026-09-04,fly-hi-maritime-ipo,Fly-Hi Maritime,1,0.98,102,11
2026-09-04,glass-wall-systems-ipo,Glass Wall Systems,40.91,22.48,182,11
2026-09-04,kanohar-electricals-ipo,Kanohar Electricals,203.18,32.15,632,11
2026-09-04,karamtara-engineering-ipo,Karamtara Engineering,22.86,9,254,7
2026-09-04,lcc-projects-ipo,LCC Projects,16,10.96,146,2
2026-09-04,manipal-payment-and-identity-solutions-ipo,Manipal Payment and Identity Solutions,29,8.55,339,1
2026-09-04,nse-ipo,NSE,214.17,0,0,6
2026-09-04,paluck-technologies-ipo,Paluck Technologies,9,18.75,48,5
2026-09-04,phychem-technologies-ipo,Phychem Technologies,1,1.85,54,11
2026-09-04,pranav-constructions-ipo,Pranav Constructions,33,26.61,124,11
2026-09-04,prasol-chemicals-ipo,Prasol Chemicals,87.27,12.91,676,11
2026-09-04,priority-jewels-ipo,Priority Jewels,28,14,200,5
2026-09-04,purple-style-labs-ipo,Purple Style Labs,2,0.35,575,11
2026-09-04,qualiance-international-ipo,Qualiance International,55,43.31,127,11
2026-09-04,rays-of-belief-ipo,Rays of Belief,14.18,5.93,239,11
2026-09-04,rentomojo-ipo,Rentomojo,55.29,13.68,404,7
2026-09-04,shanti-inorganics-ipo,Shanti Inorganics,37.45,45.12,83,11
2026-09-04,veegaland-developers-ipo,Veegaland Developers,20.18,14.41,140,11
2026-09-05,amtech-esters-ipo,Amtech Esters,5,6.67,75,12
2026-09-05,apana-logistics-ipo,Apana Logistics,3,5,60,12
2026-09-05,ashutosh-fibre-ipo,Ashutosh Fibre,46.5,50.55,92,12
2026-09-05,deepa-jewellers-ipo,Deepa Jewellers,19.08,10.78,177,12
2026-09-05,farm-peace-ipo,Farm Peace,46.25,78.39,59,12
2026-09-05,fly-hi-maritime-ipo,Fly-Hi Maritime,1,0.98,102,12
2026-09-05,glass-wall-systems-ipo,Glass Wall Systems,64.75,35.57,182,12
2026-09-05,kanohar-electricals-ipo,Kanohar Electricals,200.42,31.71,632,12
2026-09-05,karamtara-engineering-ipo,Karamtara Engineering,41.33,16.27,254,12
2026-09-05,lcc-projects-ipo,LCC Projects,23,15.75,146,12
2026-09-05,manipal-payment-and-identity-solutions-ipo,Manipal Payment and Identity Solutions,29.65,8.58,339,26
2026-09-05,nse-ipo,NSE,299.75,0,0,12
2026-09-05,phychem-technologies-ipo,Phychem Technologies,1,1.85,54,12
2026-09-05,pranav-constructions-ipo,Pranav Constructions,38.33,30.91,124,12
2026-09-05,prasol-chemicals-ipo,Prasol Chemicals,158.33,23.42,676,12
2026-09-05,purple-style-labs-ipo,Purple Style Labs,2,-0.26,575,12
2026-09-05,qualiance-international-ipo,Qualiance International,55,43.31,127,12
2026-09-05,rays-of-belief-ipo,Rays of Belief,9.25,3.87,239,12
2026-09-05,rentomojo-ipo,Rentomojo,141.75,35.09,404,12
2026-09-05,shanti-inorganics-ipo,Shanti Inorganics,46,55.43,83,12
2026-09-05,veegaland-developers-ipo,Veegaland Developers,22,15.71,140,12
2026-09-05,vinod-texworld-ipo,Vinod Texworld,4,4.26,94,5
2026-09-06,amtech-esters-ipo,Amtech Esters,5,6.67,75,11
2026-09-06,apana-logistics-ipo,Apana Logistics,3,5,60,11
2026-09-06,ashutosh-fibre-ipo,Ashutosh Fibre,51.68,56.18,92,11
2026-09-06,deepa-jewellers-ipo,Deepa Jewellers,19.64,11.09,177,11
2026-09-06,farm-peace-ipo,Farm Peace,49.18,83.36,59,11
2026-09-06,fly-hi-maritime-ipo,Fly-Hi Maritime,1,0.98,102,11
2026-09-06,glass-wall-systems-ipo,Glass Wall Systems,42.09,23.13,182,11
2026-09-06,kanohar-electricals-ipo,Kanohar Electricals,200.91,31.79,632,11
2026-09-06,karamtara-engineering-ipo,Karamtara Engineering,53.64,21.12,254,11
2026-09-06,lcc-projects-ipo,LCC Projects,25,17.12,146,11
2026-09-06,manipal-payment-and-identity-solutions-ipo,Manipal Payment and Identity Solutions,28.61,8.32,339,18
2026-09-06,nse-ipo,NSE,293,0,0,11
2026-09-06,phychem-technologies-ipo,Phychem Technologies,1,1.85,54,11
2026-09-06,pranav-constructions-ipo,Pranav Constructions,41.73,33.65,124,11
2026-09-06,prasol-chemicals-ipo,Prasol Chemicals,120.45,17.82,676,11
2026-09-06,purple-style-labs-ipo,Purple Style Labs,2,-1.37,575,7
2026-09-06,qualiance-international-ipo,Qualiance International,55,43.31,127,11
2026-09-06,rays-of-belief-ipo,Rays of Belief,14,5.86,239,11
2026-09-06,rentomojo-ipo,Rentomojo,149,36.88,404,11
2026-09-06,shanti-inorganics-ipo,Shanti Inorganics,46.55,56.08,83,11
2026-09-06,veegaland-developers-ipo,Veegaland Developers,27.09,19.35,140,11
2026-09-06,vinod-texworld-ipo,Vinod Texworld,4,4.26,94,11
2026-09-07,amtech-esters-ipo,Amtech Esters,5.44,7.26,75,9
2026-09-07,apana-logistics-ipo,Apana Logistics,8.89,14.81,60,9
2026-09-07,ashutosh-fibre-ipo,Ashutosh Fibre,56,60.87,92,4
2026-09-07,asset-reconstruction-ipo,Asset Reconstruction,25.67,18.47,139,3
2026-09-07,deepa-jewellers-ipo,Deepa Jewellers,23.83,13.47,177,9
2026-09-07,farm-peace-ipo,Farm Peace,51,86.44,59,9
2026-09-07,fly-hi-maritime-ipo,Fly-Hi Maritime,1,0.98,102,9
2026-09-07,glass-wall-systems-ipo,Glass Wall Systems,39.89,21.92,182,9
2026-09-07,kanohar-electricals-ipo,Kanohar Electricals,199.67,31.59,632,9
2026-09-07,karamtara-engineering-ipo,Karamtara Engineering,56.56,22.26,254,9
2026-09-07,lcc-projects-ipo,LCC Projects,25,17.12,146,9
2026-09-07,maharaja-speedex-ipo,Maharaja & Speedex India,10,5.38,186,3
2026-09-07,manika-plastech-ipo,Manika Plastech,11.71,27.24,43,7
2026-09-07,manipal-payment-and-identity-solutions-ipo,Manipal Payment and Identity Solutions,33.22,9.8,339,9
2026-09-07,nse-ipo,NSE,260.44,0,0,9
2026-09-07,phychem-technologies-ipo,Phychem Technologies,1,1.85,54,4
2026-09-07,pranav-constructions-ipo,Pranav Constructions,43.11,34.76,124,9
2026-09-07,prasol-chemicals-ipo,Prasol Chemicals,92.22,13.64,676,9
2026-09-07,qualiance-international-ipo,Qualiance International,56.11,44.18,127,9
2026-09-07,rays-of-belief-ipo,Rays of Belief,18.56,7.77,239,9
2026-09-07,rentomojo-ipo,Rentomojo,137.67,34.08,404,9
2026-09-07,shanti-inorganics-ipo,Shanti Inorganics,54.5,65.67,83,4
2026-09-07,veegaland-developers-ipo,Veegaland Developers,30,21.43,140,9
2026-09-07,vinod-texworld-ipo,Vinod Texworld,6.22,6.62,94,9
2026-09-08,amtech-esters-ipo,Amtech Esters,7,9.33,75,9
2026-09-08,apana-logistics-ipo,Apana Logistics,9.44,15.74,60,9
2026-09-08,asset-reconstruction-ipo,Asset Reconstruction,28.11,20.22,139,9
2026-09-08,deepa-jewellers-ipo,Deepa Jewellers,25,14.12,177,4
2026-09-08,farm-peace-ipo,Farm Peace,59,100,59,4
2026-09-08,fly-hi-maritime-ipo,Fly-Hi Maritime,1,0.98,102,4
2026-09-08,glass-wall-systems-ipo,Glass Wall Systems,52.89,29.06,182,9
2026-09-08,kanohar-electricals-ipo,Kanohar Electricals,206.11,32.61,632,9
2026-09-08,karamtara-engineering-ipo,Karamtara Engineering,61.67,24.28,254,9
2026-09-08,lcc-projects-ipo,LCC Projects,27.33,18.72,146,9
2026-09-08,maharaja-speedex-ipo,Maharaja & Speedex India,23.33,12.54,186,9
2026-09-08,manika-plastech-ipo,Manika Plastech,18.33,42.63,43,9
2026-09-08,manipal-payment-and-identity-solutions-ipo,Manipal Payment and Identity Solutions,36.89,10.88,339,9
2026-09-08,nse-ipo,NSE,220.56,0,0,9
2026-09-08,pranav-constructions-ipo,Pranav Constructions,41.89,33.78,124,9
2026-09-08,prasol-chemicals-ipo,Prasol Chemicals,50,7.4,676,9
2026-09-08,qualiance-international-ipo,Qualiance International,62.78,49.43,127,9
2026-09-08,raksan-transformers-ipo,Raksan Transformers,25,9.16,273,1
2026-09-08,rays-of-belief-ipo,Rays of Belief,15,6.28,239,4
2026-09-08,rentomojo-ipo,Rentomojo,127.22,31.49,404,9
2026-09-08,steamhouse-india-ipo,Steamhouse,21.5,26.54,81,4
2026-09-08,veegaland-developers-ipo,Veegaland Developers,30.33,21.67,140,9
2026-09-08,vinod-texworld-ipo,Vinod Texworld,8.89,9.46,94,9
2026-09-09,amtech-esters-ipo,Amtech Esters,10.2,13.6,75,10
2026-09-09,apana-logistics-ipo,Apana Logistics,4.5,4.17,60,10
2026-09-09,asset-reconstruction-ipo,Asset Reconstruction,28.2,20.29,139,10
2026-09-09,glass-wall-systems-ipo,Glass Wall Systems,59,32.42,182,10
2026-09-09,jindal-supreme-ipo,Jindal Supreme,11,11.83,93,9
2026-09-09,kanohar-electricals-ipo,Kanohar Electricals,221.9,35.11,632,10
2026-09-09,karamtara-engineering-ipo,Karamtara Engineering,68.5,26.97,254,10
2026-09-09,lcc-projects-ipo,LCC Projects,39.4,26.99,146,10
2026-09-09,maharaja-speedex-ipo,Maharaja & Speedex India,30,16.13,186,10
2026-09-09,manika-plastech-ipo,Manika Plastech,16.6,38.6,43,10
2026-09-09,manipal-payment-and-identity-solutions-ipo,Manipal Payment and Identity Solutions,25.1,7.4,339,10
2026-09-09,nse-ipo,NSE,232.9,0,0,10
2026-09-09,pranav-constructions-ipo,Pranav Constructions,41.3,33.31,124,10
2026-09-09,prasol-chemicals-ipo,Prasol Chemicals,34,1.48,676,10
2026-09-09,qualiance-international-ipo,Qualiance International,65.3,51.42,127,10
2026-09-09,raksan-transformers-ipo,Raksan Transformers,25,9.16,273,10
2026-09-09,rentomojo-ipo,Rentomojo,138.4,34.26,404,10
2026-09-09,steamhouse-india-ipo,Steamhouse,19.1,23.58,81,10
2026-09-09,veegaland-developers-ipo,Veegaland Developers,22.2,15.86,140,10
2026-09-09,vinod-texworld-ipo,Vinod Texworld,15,15.96,94,10
2026-09-10,amtech-esters-ipo,Amtech Esters,11,14.67,75,10
2026-09-10,apana-logistics-ipo,Apana Logistics,1,1.67,60,10
2026-09-10,asset-reconstruction-ipo,Asset Reconstruction,17.85,12.84,139,10
2026-09-10,glass-wall-systems-ipo,Glass Wall Systems,54.9,30.16,182,10
2026-09-10,jindal-supreme-ipo,Jindal Supreme,12,12.91,93,10
2026-09-10,kanohar-electricals-ipo,Kanohar Electricals,227.7,36.03,632,10
2026-09-10,karamtara-engineering-ipo,Karamtara Engineering,70.9,27.92,254,10
2026-09-10,lcc-projects-ipo,LCC Projects,48.35,33.12,146,10
2026-09-10,maharaja-speedex-ipo,Maharaja & Speedex India,30,16.13,186,10
2026-09-10,manika-plastech-ipo,Manika Plastech,13,30.23,43,10
2026-09-10,manipal-payment-and-identity-solutions-ipo,Manipal Payment and Identity Solutions,6.8,2,339,10
2026-09-10,nse-ipo,NSE,221.2,2.38,357,10
2026-09-10,pranav-constructions-ipo,Pranav Constructions,43.55,35.12,124,10
2026-09-10,prasol-chemicals-ipo,Prasol Chemicals,27.89,0.18,676,9
2026-09-10,qualiance-international-ipo,Qualiance International,80.4,63.31,127,10
2026-09-10,raksan-transformers-ipo,Raksan Transformers,24.8,9.09,273,10
2026-09-10,rentomojo-ipo,Rentomojo,141.9,35.12,404,10
2026-09-10,steamhouse-india-ipo,Steamhouse,21,25.93,81,10
2026-09-10,veegaland-developers-ipo,Veegaland Developers,24.6,17.57,140,10
2026-09-10,vinod-texworld-ipo,Vinod Texworld,20,21.28,94,10
2026-09-11,amtech-esters-ipo,Amtech Esters,8.33,11.11,75,12
2026-09-11,apana-logistics-ipo,Apana Logistics,1,0,60,12
2026-09-11,asset-reconstruction-ipo,Asset Reconstruction,12.67,9.11,139,12
2026-09-11,glass-wall-systems-ipo,Glass Wall Systems,46.75,25.69,182,12
2026-09-11,hero-motors-ipo,Hero Motors,8.75,10.41,84,12
2026-09-11,jindal-supreme-ipo,Jindal Supreme,20.17,21.68,93,12
2026-09-11,kanohar-electricals-ipo,Kanohar Electricals,239.33,37.87,632,12
2026-09-11,karamtara-engineering-ipo,Karamtara Engineering,66.17,26.05,254,12
2026-09-11,lcc-projects-ipo,LCC Projects,57.63,39.47,146,12
2026-09-11,maharaja-speedex-ipo,Maharaja & Speedex India,30,16.13,186,12
2026-09-11,manika-plastech-ipo,Manika Plastech,10.75,25,43,12
2026-09-11,manipal-payment-and-identity-solutions-ipo,Manipal Payment and Identity Solutions,3,0.88,339,9
2026-09-11,nse-ipo,NSE,200.67,11.24,1785,12
2026-09-11,panchatv-bharat-ipo,Panchatv Bharat,7,5,140,12
2026-09-11,pranav-constructions-ipo,Pranav Constructions,46.67,37.63,124,12
2026-09-11,prasol-chemicals-ipo,Prasol Chemicals,40,0,676,2
2026-09-11,qualiance-international-ipo,Qualiance International,77.25,60.83,127,16
2026-09-11,raksan-transformers-ipo,Raksan Transformers,28.17,10.32,273,12
2026-09-11,rentomojo-ipo,Rentomojo,138.92,34.39,404,12
2026-09-11,ss-retail-ipo,SS Retail,36.17,8.53,424,12
2026-09-11,steamhouse-india-ipo,Steamhouse,22.29,27.53,81,12
2026-09-11,veegaland-developers-ipo,Veegaland Developers,20,14.29,140,12
2026-09-11,vinod-texworld-ipo,Vinod Texworld,5.92,6.29,94,12
2026-09-12,amtech-esters-ipo,Amtech Esters,7,9.33,75,11
2026-09-12,apana-logistics-ipo,Apana Logistics,1,0,60,10
2026-09-12,asset-reconstruction-ipo,Asset Reconstruction,14.5,10.43,139,11
2026-09-12,glass-wall-systems-ipo,Glass Wall Systems,50.05,27.5,182,11
2026-09-12,hero-motors-ipo,Hero Motors,20.18,24.02,84,11
2026-09-12,jindal-supreme-ipo,Jindal Supreme,21.36,22.97,93,11
2026-09-12,kanohar-electricals-ipo,Kanohar Electricals,238.55,37.74,632,11
2026-09-12,karamtara-engineering-ipo,Karamtara Engineering,68.36,26.92,254,11
2026-09-12,lcc-projects-ipo,LCC Projects,72.45,49.63,146,11
2026-09-12,maharaja-speedex-ipo,Maharaja & Speedex India,31.64,17.01,186,11
2026-09-12,manika-plastech-ipo,Manika Plastech,11.73,27.27,43,11
2026-09-12,manipal-payment-and-identity-solutions-ipo,Manipal Payment and Identity Solutions,1,0.29,339,11
2026-09-12,nse-ipo,NSE,210.55,11.79,1785,11
2026-09-12,panchatv-bharat-ipo,Panchatv Bharat,9.91,7.08,140,11
2026-09-12,pranav-constructions-ipo,Pranav Constructions,45.82,36.95,124,11
2026-09-12,qualiance-international-ipo,Qualiance International,76,59.84,127,1
2026-09-12,raksan-transformers-ipo,Raksan Transformers,30,10.99,273,11
2026-09-12,rentomojo-ipo,Rentomojo,157.36,38.95,404,11
2026-09-12,ss-retail-ipo,SS Retail,99.27,23.41,424,11
2026-09-12,steamhouse-india-ipo,Steamhouse,21,25.93,81,11
2026-09-12,veegaland-developers-ipo,Veegaland Developers,15.91,11.36,140,11
2026-09-12,vinod-texworld-ipo,Vinod Texworld,1,1.06,94,11
2026-09-13,amtech-esters-ipo,Amtech Esters,7,9.33,75,13
2026-09-13,apana-logistics-ipo,Apana Logistics,1,0,60,13
2026-09-13,asset-reconstruction-ipo,Asset Reconstruction,14.19,10.21,139,13
2026-09-13,glass-wall-systems-ipo,Glass Wall Systems,51.35,28.21,182,13
2026-09-13,hero-motors-ipo,Hero Motors,24,28.57,84,13
2026-09-13,jindal-supreme-ipo,Jindal Supreme,25.15,27.05,93,13
2026-09-13,kanohar-electricals-ipo,Kanohar Electricals,241.77,38.25,632,13
2026-09-13,karamtara-engineering-ipo,Karamtara Engineering,70.23,27.65,254,13
2026-09-13,lcc-projects-ipo,LCC Projects,64.08,43.89,146,13
2026-09-13,maharaja-speedex-ipo,Maharaja & Speedex India,47.54,25.56,186,13
2026-09-13,manika-plastech-ipo,Manika Plastech,12.85,29.87,43,13
2026-09-13,manipal-payment-and-identity-solutions-ipo,Manipal Payment and Identity Solutions,1,0.29,339,8
2026-09-13,nse-ipo,NSE,207.54,11.62,1785,13
2026-09-13,panchatv-bharat-ipo,Panchatv Bharat,11,7.86,140,13
2026-09-13,pranav-constructions-ipo,Pranav Constructions,46.69,37.65,124,13
2026-09-13,raksan-transformers-ipo,Raksan Transformers,30,10.99,273,13
2026-09-13,rentomojo-ipo,Rentomojo,159.08,39.37,404,13
2026-09-13,spectraa-technology-solutions-ipo,SpectraA Technology Solutions,20.25,17.16,118,8
2026-09-13,ss-retail-ipo,SS Retail,105.46,24.87,424,13
2026-09-13,steamhouse-india-ipo,Steamhouse,21.19,26.16,81,13
2026-09-13,veegaland-developers-ipo,Veegaland Developers,15,10.71,140,13
2026-09-13,vinod-texworld-ipo,Vinod Texworld,1,1.06,94,13
2026-09-14,amtech-esters-ipo,Amtech Esters,7,9.33,75,11
2026-09-14,apana-logistics-ipo,Apana Logistics,1,0,60,2
2026-09-14,asset-reconstruction-ipo,Asset Reconstruction,15.55,11.18,139,11
2026-09-14,glass-wall-systems-ipo,Glass Wall Systems,52.23,28.7,182,11
2026-09-14,hero-motors-ipo,Hero Motors,23.82,28.35,84,11
2026-09-14,jindal-supreme-ipo,Jindal Supreme,27,29.03,93,11
2026-09-14,kanohar-electricals-ipo,Kanohar Electricals,240.82,38.1,632,11
2026-09-14,karamtara-engineering-ipo,Karamtara Engineering,71,27.95,254,11
2026-09-14,lcc-projects-ipo,LCC Projects,63.73,43.65,146,11
2026-09-14,maharaja-speedex-ipo,Maharaja & Speedex India,43.64,23.46,186,11
2026-09-14,manika-plastech-ipo,Manika Plastech,11,25.58,43,11
2026-09-14,manipal-payment-and-identity-solutions-ipo,Manipal Payment and Identity Solutions,1,0.29,339,5
2026-09-14,nse-ipo,NSE,208.82,11.7,1785,11
2026-09-14,panchatv-bharat-ipo,Panchatv Bharat,15.45,11.04,140,11
2026-09-14,pranav-constructions-ipo,Pranav Constructions,49,39.51,124,15
2026-09-14,raksan-transformers-ipo,Raksan Transformers,42.18,15.45,273,11
2026-09-14,rentomojo-ipo,Rentomojo,158.73,39.29,404,11
2026-09-14,robokidz-eduventures-ipo,Robokidz Eduventures,41,38.68,106,5
2026-09-14,spectraa-technology-solutions-ipo,SpectraA Technology Solutions,34.73,29.43,118,11
2026-09-14,ss-retail-ipo,SS Retail,131,30.9,424,11
2026-09-14,steamhouse-india-ipo,Steamhouse,22.41,27.67,81,11
2026-09-14,vama-wovenfab-ipo,Vama Wovenfab,10,2.93,341,7
2026-09-14,veegaland-developers-ipo,Veegaland Developers,19.45,13.89,140,11
2026-09-14,vinod-texworld-ipo,Vinod Texworld,1,1.06,94,11
2026-09-15,amtech-esters-ipo,Amtech Esters,7,9.33,75,12
2026-09-15,asset-reconstruction-ipo,Asset Reconstruction,15.77,11.35,139,12
2026-09-15,glass-wall-systems-ipo,Glass Wall Systems,44.88,24.66,182,12
2026-09-15,hero-motors-ipo,Hero Motors,21.96,26.14,84,12
2026-09-15,jindal-supreme-ipo,Jindal Supreme,27,29.03,93,12
2026-09-15,kanohar-electricals-ipo,Kanohar Electricals,217.42,34.4,632,12
2026-09-15,karamtara-engineering-ipo,Karamtara Engineering,67.08,26.41,254,12
2026-09-15,kheria-autocomp-ipo,Kheria Autocomp,10,9.9,101,7
2026-09-15,lcc-projects-ipo,LCC Projects,56.83,38.93,146,12
2026-09-15,maharaja-speedex-ipo,Maharaja & Speedex India,29.5,15.86,186,12
2026-09-15,manika-plastech-ipo,Manika Plastech,5.75,13.37,43,12
2026-09-15,manipal-payment-and-identity-solutions-ipo,Manipal Payment and Identity Solutions,1,0.29,339,5
2026-09-15,nse-ipo,NSE,185.33,10.38,1785,12
2026-09-15,panchatv-bharat-ipo,Panchatv Bharat,10.5,7.5,140,12
2026-09-15,pranav-constructions-ipo,Pranav Constructions,50.5,40.72,124,6
2026-09-15,raksan-transformers-ipo,Raksan Transformers,53.67,19.66,273,12
2026-09-15,rentomojo-ipo,Rentomojo,146.75,36.33,404,12
2026-09-15,robokidz-eduventures-ipo,Robokidz Eduventures,27.5,25.94,106,12
2026-09-15,sonaselection-india-ipo,Sonaselection India,6.29,6.35,99,7
2026-09-15,spectraa-technology-solutions-ipo,SpectraA Technology Solutions,48.5,41.1,118,12
2026-09-15,ss-retail-ipo,SS Retail,143.33,33.81,424,12
2026-09-15,steamhouse-india-ipo,Steamhouse,23.04,28.45,81,12
2026-09-15,vama-wovenfab-ipo,Vama Wovenfab,13.33,3.91,341,12
2026-09-15,veegaland-developers-ipo,Veegaland Developers,11.25,8.04,140,12
2026-09-15,vinod-texworld-ipo,Vinod Texworld,1,1.06,94,12
2026-09-16,amtech-esters-ipo,Amtech Esters,13.25,17.66,75,12
2026-09-16,asset-reconstruction-ipo,Asset Reconstruction,10.19,7.33,139,12
2026-09-16,glass-wall-systems-ipo,Glass Wall Systems,40,21.98,182,4
2026-09-16,hero-motors-ipo,Hero Motors,13.54,16.12,84,12
2026-09-16,jindal-supreme-ipo,Jindal Supreme,25.5,27.42,93,12
2026-09-16,kanohar-electricals-ipo,Kanohar Electricals,186.5,29.51,632,4
2026-09-16,karamtara-engineering-ipo,Karamtara Engineering,45.13,17.77,254,12
2026-09-16,kheria-autocomp-ipo,Kheria Autocomp,10,9.9,101,12
2026-09-16,lcc-projects-ipo,LCC Projects,44.83,30.71,146,12
2026-09-16,maharaja-speedex-ipo,Maharaja & Speedex India,26.75,14.38,186,12
2026-09-16,manika-plastech-ipo,Manika Plastech,2.75,6.4,43,12
2026-09-16,nse-ipo,NSE,157.33,8.82,1785,12
2026-09-16,panchatv-bharat-ipo,Panchatv Bharat,3,2.14,140,12
2026-09-16,pranav-constructions-ipo,Pranav Constructions,50,40.32,124,10
2026-09-16,raksan-transformers-ipo,Raksan Transformers,50,18.32,273,12
2026-09-16,rentomojo-ipo,Rentomojo,106.83,26.44,404,12
2026-09-16,robokidz-eduventures-ipo,Robokidz Eduventures,45.5,42.92,106,12
2026-09-16,sonaselection-india-ipo,Sonaselection India,7.33,7.41,99,12
2026-09-16,spectraa-technology-solutions-ipo,SpectraA Technology Solutions,50,42.37,118,12
2026-09-16,ss-retail-ipo,SS Retail,107.08,25.25,424,12
2026-09-16,steamhouse-india-ipo,Steamhouse,16.58,20.47,81,12
2026-09-16,vama-wovenfab-ipo,Vama Wovenfab,55,16.13,341,12
2026-09-16,veegaland-developers-ipo,Veegaland Developers,7.67,5.48,140,12
2026-09-16,vinod-texworld-ipo,Vinod Texworld,1,1.06,94,12
2026-09-17,a-one-steels-ipo,A-One Steels,54.56,13.47,405,9
2026-09-17,amtech-esters-ipo,Amtech Esters,16,21.33,75,13
2026-09-17,asset-reconstruction-ipo,Asset Reconstruction,12,8.63,139,4
2026-09-17,glass-wall-systems-ipo,Glass Wall Systems,41,22.53,182,1
2026-09-17,hero-motors-ipo,Hero Motors,8.15,9.71,84,13
2026-09-17,jindal-supreme-ipo,Jindal Supreme,28.08,30.19,93,13
2026-09-17,kanohar-electricals-ipo,Kanohar Electricals,192,30.38,632,1
2026-09-17,karamtara-engineering-ipo,Karamtara Engineering,47.67,18.77,254,12
2026-09-17,kheria-autocomp-ipo,Kheria Autocomp,8.85,8.76,101,13
2026-09-17,lcc-projects-ipo,LCC Projects,36,24.66,146,13
2026-09-17,maharaja-speedex-ipo,Maharaja & Speedex India,28,15.05,186,13
2026-09-17,manika-plastech-ipo,Manika Plastech,2,4.65,43,13
2026-09-17,nse-ipo,NSE,142.15,7.96,1785,13
2026-09-17,panchatv-bharat-ipo,Panchatv Bharat,3,2.14,140,13
2026-09-17,pranav-constructions-ipo,Pranav Constructions,50,40.32,124,3
2026-09-17,quanto-agroworld-ipo,Quanto Agroworld,2,2.99,67,1
2026-09-17,raksan-transformers-ipo,Raksan Transformers,16.15,5.92,273,13
2026-09-17,rentomojo-ipo,Rentomojo,86.17,21.33,404,12
2026-09-17,robokidz-eduventures-ipo,Robokidz Eduventures,51,48.11,106,13
2026-09-17,shakti-polytarp-ipo,Shakti Polytarp,6,10.17,59,5
2026-09-17,sonaselection-india-ipo,Sonaselection India,4.92,4.97,99,13
2026-09-17,spectraa-technology-solutions-ipo,SpectraA Technology Solutions,36.15,30.64,118,13
2026-09-17,ss-retail-ipo,SS Retail,114.77,27.07,424,13
2026-09-17,steamhouse-india-ipo,Steamhouse,14,17.29,81,5
2026-09-17,vama-wovenfab-ipo,Vama Wovenfab,23.62,6.93,341,13
2026-09-17,veegaland-developers-ipo,Veegaland Developers,5.69,4.07,140,13
2026-09-17,vinod-texworld-ipo,Vinod Texworld,1,1.06,94,5
2026-09-18,a-one-steels-ipo,A-One Steels,55.92,13.81,405,12
2026-09-18,adroit-industries-ipo,Adroit Industries,11.67,8.71,134,3
2026-09-18,amtech-esters-ipo,Amtech Esters,16,21.33,75,1
2026-09-18,elevate-campuses-ipo,Elevate Campuses,15,4.14,362,2
2026-09-18,hero-motors-ipo,Hero Motors,5.04,3.62,84,12
2026-09-18,jindal-supreme-ipo,Jindal Supreme,30.67,32.97,93,12
2026-09-18,kheria-autocomp-ipo,Kheria Autocomp,9.5,9.41,101,12
2026-09-18,lcc-projects-ipo,LCC Projects,36,24.66,146,1
2026-09-18,maharaja-speedex-ipo,Maharaja & Speedex India,28,15.05,186,5
2026-09-18,manika-plastech-ipo,Manika Plastech,2.1,4.89,43,12
2026-09-18,nse-ipo,NSE,125.75,7.05,1785,12
2026-09-18,panchatv-bharat-ipo,Panchatv Bharat,3,2.14,140,5
2026-09-18,raksan-transformers-ipo,Raksan Transformers,11.4,4.18,273,5
2026-09-18,rentomojo-ipo,Rentomojo,86,21.29,404,1
2026-09-18,robokidz-eduventures-ipo,Robokidz Eduventures,51,48.11,106,12
2026-09-18,shakti-polytarp-ipo,Shakti Polytarp,6,10.17,59,12
2026-09-18,sonaselection-india-ipo,Sonaselection India,2,2.02,99,12
2026-09-18,spectraa-technology-solutions-ipo,SpectraA Technology Solutions,37.5,31.78,118,12
2026-09-18,ss-retail-ipo,SS Retail,140.92,33.24,424,12
2026-09-18,steamhouse-india-ipo,Steamhouse,16,19.75,81,1
2026-09-18,swastika-infra-ipo,Swastika Infra,4.43,2.39,185,7
2026-09-18,vama-wovenfab-ipo,Vama Wovenfab,3,0.88,341,12
2026-09-18,varmora-granito-ipo,Varmora Granito,10.75,7.27,148,12
2026-09-18,veegaland-developers-ipo,Veegaland Developers,8.33,5.95,140,6
2026-09-18,vinod-texworld-ipo,Vinod Texworld,1,1.06,94,1
2026-09-19,a-one-steels-ipo,A-One Steels,62.17,15.35,405,12
2026-09-19,adroit-industries-ipo,Adroit Industries,39.08,29.17,134,12
2026-09-19,armee-infotech-ipo,ArMee Infotech,1,0.27,375,7
2026-09-19,elevate-campuses-ipo,Elevate Campuses,15.67,4.33,362,12
2026-09-19,hero-motors-ipo,Hero Motors,6,0,84,1
2026-09-19,jindal-supreme-ipo,Jindal Supreme,27.96,30.06,93,12
2026-09-19,kheria-autocomp-ipo,Kheria Autocomp,7,6.93,101,12
2026-09-19,manika-plastech-ipo,Manika Plastech,1.87,4.34,43,12
2026-09-19,nse-ipo,NSE,87.83,4.92,1785,12
2026-09-19,robokidz-eduventures-ipo,Robokidz Eduventures,51,48.11,106,12
2026-09-19,shakti-polytarp-ipo,Shakti Polytarp,5,8.47,59,12
2026-09-19,sonaselection-india-ipo,Sonaselection India,2,1.18,99,12
2026-09-19,spectraa-technology-solutions-ipo,SpectraA Technology Solutions,45,38.14,118,12
2026-09-19,ss-retail-ipo,SS Retail,146,34.44,424,12
2026-09-19,swastika-infra-ipo,Swastika Infra,3.83,2.07,185,12
2026-09-19,vama-wovenfab-ipo,Vama Wovenfab,3,0.88,341,12
2026-09-19,varmora-granito-ipo,Varmora Granito,13.75,9.29,148,12
2026-09-20,a-one-steels-ipo,A-One Steels,64,15.8,405,10
2026-09-20,adroit-industries-ipo,Adroit Industries,35,26.12,134,10
2026-09-20,armee-infotech-ipo,ArMee Infotech,1,0.27,375,10
2026-09-20,elevate-campuses-ipo,Elevate Campuses,16,4.42,362,10
2026-09-20,jindal-supreme-ipo,Jindal Supreme,29,31.18,93,10
2026-09-20,kheria-autocomp-ipo,Kheria Autocomp,6.4,6.34,101,10
2026-09-20,manika-plastech-ipo,Manika Plastech,1.95,4.53,43,10
2026-09-20,nse-ipo,NSE,49,2.74,1785,10
2026-09-20,robokidz-eduventures-ipo,Robokidz Eduventures,51,48.11,106,10
2026-09-20,shakti-polytarp-ipo,Shakti Polytarp,5,8.47,59,10
2026-09-20,sonaselection-india-ipo,Sonaselection India,2,2.02,99,10
2026-09-20,spectraa-technology-solutions-ipo,SpectraA Technology Solutions,45,38.14,118,10
2026-09-20,ss-retail-ipo,SS Retail,147,34.67,424,10
2026-09-20,swastika-infra-ipo,Swastika Infra,3,1.62,185,10
2026-09-20,vama-wovenfab-ipo,Vama Wovenfab,3,0.88,341,10
2026-09-20,varmora-granito-ipo,Varmora Granito,12,8.11,148,10
2026-09-21,a-one-steels-ipo,A-One Steels,60,14.81,405,6
2026-09-21,adroit-industries-ipo,Adroit Industries,32,23.88,134,6
2026-09-21,armee-infotech-ipo,ArMee Infotech,1,0.27,375,6
2026-09-21,bench-mark-infotech-services-ipo,Bench Mark Infotech Services,12,10.91,110,2
2026-09-21,elevate-campuses-ipo,Elevate Campuses,16,4.42,362,6
2026-09-21,jindal-supreme-ipo,Jindal Supreme,29,31.18,93,6
2026-09-21,kheria-autocomp-ipo,Kheria Autocomp,3,2.97,101,6
2026-09-21,manika-plastech-ipo,Manika Plastech,1,2.33,43,4
2026-09-21,nse-ipo,NSE,54.83,3.07,1785,6
2026-09-21,robokidz-eduventures-ipo,Robokidz Eduventures,51.67,48.74,106,6
2026-09-21,shakti-polytarp-ipo,Shakti Polytarp,6,10.17,59,6
2026-09-21,spectraa-technology-solutions-ipo,SpectraA Technology Solutions,45,38.14,118,6
2026-09-21,ss-retail-ipo,SS Retail,151.33,35.69,424,6
2026-09-21,swastika-infra-ipo,Swastika Infra,3,1.62,185,6
2026-09-21,vama-wovenfab-ipo,Vama Wovenfab,3,0.88,341,6
2026-09-21,varmora-granito-ipo,Varmora Granito,9,6.08,148,6
