slug,name,sector,industry,indicative_price_inr,price_date,lot_size,min_ticket_inr,high_52w_inr,low_52w_inr,isin,market_cap_inr_cr,pe,book_value_inr,face_value_inr,status,drhp_filed,hq_city,hq_state,url
a-one-steel-india-limited,A One Steel India Limited,IT & INDUSTRIALS,Industrials,325,2026-09-21,35,11375,332.0,224.0,,2225.12,41.05,66.46,10,unlisted,yes,Bengaluru,Karnataka,https://buyunlistedshares.com/unlisted-shares/a-one-steel-india-limited
thomas,A V Thomas & Co. Limited,CONSUMER,Consumer Staples,12500,2026-09-21,1,12500,12500.0,12500.0,INE944K01010,570,11.85,8825.66,10,unlisted,no,Alappuzha,Kerala,https://buyunlistedshares.com/unlisted-shares/thomas
absolute-projects-india-limited-unlisted-share-price,Absolute Projects (India) Limited,IT & INDUSTRIALS,Industrials,78,2026-09-21,130,10140,90.0,75.0,INE0L7001038,335.51,15.57,47.23,2,unlisted,yes,Delhi,Delhi,https://buyunlistedshares.com/unlisted-shares/absolute-projects-india-limited-unlisted-share-price
adiance-technologies-unlisted-shares,Adiance Technologies,IT & INDUSTRIALS,Surveillance,2250,2026-09-21,5,11250,2250.0,2250.0,INE0T9101011,314.09,97.53,239.7,10,unlisted,no,Ahmedabad,Gujarat,https://buyunlistedshares.com/unlisted-shares/adiance-technologies-unlisted-shares
ambadi-investments-limited,Ambadi Investments Limited (murugappa),FINANCIALS,Financials,17500,2026-09-21,1,17500,17500.0,17500.0,INE974L01015,4910.47,2.96,50966.69,10,unlisted,no,Chennai,Tamil Nadu,https://buyunlistedshares.com/unlisted-shares/ambadi-investments-limited
amol-minechem-limited,Amol Minechem Limited,IT & INDUSTRIALS,Materials,900,2026-09-21,15,13500,995.0,900.0,INE404C01012,82,7.44,847.35,10,unlisted,no,Ahmedabad,Gujarat,https://buyunlistedshares.com/unlisted-shares/amol-minechem-limited
amrut-dredging-and-shipping-limited,Amrut Dredging And Shipping Limited,IT & INDUSTRIALS,Industrials,232,2026-09-21,45,10440,232.0,190.0,INE08T601019,271.22,54.13,77.08,10,unlisted,no,Rajkot,Gujarat,https://buyunlistedshares.com/unlisted-shares/amrut-dredging-and-shipping-limited
anglo-french-drugs-and-industries,Anglo French Drugs and Industries,CONSUMER,Healthcare,1075,2026-09-21,10,10750,1075.0,1075.0,INE570E01016,115.26,,1195.84,10,unlisted,no,Bengaluru,Karnataka,https://buyunlistedshares.com/unlisted-shares/anglo-french-drugs-and-industries
anheuser-busch-inbev-india,Anheuser Busch Inbev India (AB InBev),CONSUMER,Consumer Staples,555,2026-09-21,20,11100,575.0,470.0,INE038G01019,56411.96,,2.46,10,unlisted,no,Mumbai,Maharashtra,https://buyunlistedshares.com/unlisted-shares/anheuser-busch-inbev-india
anugraha-valve-castings-limited,Anugraha Valve Castings Limited,IT & INDUSTRIALS,Industrials,555,2026-09-21,20,11100,750.0,545.0,INE629Z01015,256,12.78,735.91,10,unlisted,no,Coimbatore,Tamil Nadu,https://buyunlistedshares.com/unlisted-shares/anugraha-valve-castings-limited
apl-metals-unlisted-shares,APL Metals,IT & INDUSTRIALS,Metals & Mining,10.95,2026-09-21,915,10019.25,18.0,8.0,INE578E01019,11.75,,53.81,10,unlisted,no,Kolkata,West Bengal,https://buyunlistedshares.com/unlisted-shares/apl-metals-unlisted-shares
apollo-fashion-international-unlisted-shares,Apollo Fashion International,CONSUMER,Consumer Discretionary,44,2026-09-21,230,10120,66.0,42.0,INE0RYY01014,130.97,10.02,16.69,10,unlisted,no,Delhi,Delhi,https://buyunlistedshares.com/unlisted-shares/apollo-fashion-international-unlisted-shares
apollo,Apollo Green Energy Limited,IT & INDUSTRIALS,Utilities,66,2026-09-21,155,10230,188.0,56.0,INE838A01015,268.03,7.65,166.22,10,unlisted,no,Delhi,Delhi,https://buyunlistedshares.com/unlisted-shares/apollo
arch-pharmalabs-limited-unlisted-share,Arch Pharmalabs Limited,CONSUMER,Pharmaceuticals,85,2026-09-21,120,10200,85.0,85.0,INE182F01017,1330.08,10.9,54.16,10,unlisted,no,Mumbai,Maharashtra,https://buyunlistedshares.com/unlisted-shares/arch-pharmalabs-limited-unlisted-share
arohan,Arohan Financial,FINANCIALS,Financials,228,2026-09-21,45,10260,248.0,225.0,INE808K01017,3623.2,33.96,128.05,10,unlisted,yes,Kolkata,West Bengal,https://buyunlistedshares.com/unlisted-shares/arohan
aim,ASK Investment Managers Limited,FINANCIALS,Financials,785,2026-09-21,15,11775,1195.0,785.0,INE925L01025,6839.37,18.58,208.37,2,unlisted,no,Mumbai,Maharashtra,https://buyunlistedshares.com/unlisted-shares/aim
assam-carbon-products-limited,Assam Carbon Products Limited,IT & INDUSTRIALS,Materials,425,2026-09-21,25,10625,550.0,425.0,INE496C01018,117.11,8.43,259.58,10,unlisted,no,Guwahati,Assam,https://buyunlistedshares.com/unlisted-shares/assam-carbon-products-limited
auckland,Auckland Jute Co. Limited,CONSUMER,Textiles,189,2026-09-21,55,10395,189.0,189.0,INE02UQ01019,51.89,33.45,106.82,10,unlisted,no,,West Bengal,https://buyunlistedshares.com/unlisted-shares/auckland
axles-india-unlisted-shares,Axles India Limited,CONSUMER,Automotive,625,2026-09-21,20,12500,750.0,425.0,INE701C01011,1593.17,18.25,148.87,10,unlisted,no,Chennai,Tamil Nadu,https://buyunlistedshares.com/unlisted-shares/axles-india-unlisted-shares
bagrrys-india-limited,Bagrrys India Limited,CONSUMER,Consumer Staples,2219,2026-09-21,5,11095,2219.0,2219.0,INE229F01024,168.64,31.49,1159,10,unlisted,no,Solan,Himachal Pradesh,https://buyunlistedshares.com/unlisted-shares/bagrrys-india-limited
bazar-india-2,Bazar India (MAYASHEEL RETAIL INDIA),CONSUMER,Consumer Discretionary,24,2026-09-21,420,10080,24.0,24.0,INE03NO01017,63,65.63,10,10,unlisted,no,Delhi,Delhi,https://buyunlistedshares.com/unlisted-shares/bazar-india-2
berar-finance-limited,Berar Finance Limited,FINANCIALS,Financials,495,2026-09-21,25,12375,525.0,435.0,INE998Y01017,652,18.13,265.4,10,unlisted,no,Nagpur,Maharashtra,https://buyunlistedshares.com/unlisted-shares/berar-finance-limited
bharat-hotels-unlisted-shares,Bharat Hotels,CONSUMER,Hospitality,355,2026-09-21,30,10650,382.0,345.0,INE466A01015,2697.69,33.51,125.54,10,unlisted,no,Delhi,Delhi,https://buyunlistedshares.com/unlisted-shares/bharat-hotels-unlisted-shares
bharat-nidhi,Bharat Nidhi,FINANCIALS,Holding Company,13800,2026-09-21,1,13800,14800.0,10400.0,INE286F01016,3099,6.86,15983.78,10,unlisted,no,Delhi,Delhi,https://buyunlistedshares.com/unlisted-shares/bharat-nidhi
bigbasket-unlisted-shares,Big Basket,IT & INDUSTRIALS,E-Commerce,1950,2026-09-21,10,19500,1950.0,1950.0,INE058T01010,21781.5,,78.8,1,unlisted,no,Bengaluru,Karnataka,https://buyunlistedshares.com/unlisted-shares/bigbasket-unlisted-shares
bira,Bira 91 (B9 Beverages Limited),CONSUMER,Consumer Discretionary,76,2026-09-21,135,10260,268.0,60.0,INE833U01022,507.37,,-52.74,10,unlisted,no,Delhi,Delhi,https://buyunlistedshares.com/unlisted-shares/bira
blsx-limited,BLSX Limited,IT & INDUSTRIALS,Industrials,26,2026-09-21,385,10010,29.0,24.0,INE0MDG01016,224.2,127.78,1.41,1,unlisted,no,Hyderabad,Telangana,https://buyunlistedshares.com/unlisted-shares/blsx-limited
bolzen-and-mutter,Bolzen and Mutter,IT & INDUSTRIALS,Industrials,385,2026-09-21,30,11550,395.0,195.0,INE0UWB01010,97.85,26.79,35.1,10,unlisted,no,Aurangabad,Maharashtra,https://buyunlistedshares.com/unlisted-shares/bolzen-and-mutter
bombay-gas-unlisted-shares,Bombay Gas Company Limited,IT & INDUSTRIALS,Industrials,115,2026-09-21,90,10350,135.0,115.0,INE04OE01014,92,0.36,299.99,10,unlisted,no,Mumbai,Maharashtra,https://buyunlistedshares.com/unlisted-shares/bombay-gas-unlisted-shares
bombay-swadeshi-stores-limited,Bombay Swadeshi Stores Limited,CONSUMER,Consumer Discretionary,470,2026-09-21,25,11750,470.0,470.0,INE595B01027,232.18,23.41,33.68,2,unlisted,no,Mumbai,Maharashtra,https://buyunlistedshares.com/unlisted-shares/bombay-swadeshi-stores-limited
bootes,Bootes Impex Tech Ltd.,IT & INDUSTRIALS,Real Estate,675,2026-09-21,15,10125,1650.0,650.0,INE0U3P01016,568.1,18.32,199.99,10,unlisted,no,Gurugram,Haryana,https://buyunlistedshares.com/unlisted-shares/bootes
bvg,BVG India Limited,IT & INDUSTRIALS,Industrials,480,2026-09-21,25,12000,795.0,295.0,INE257H01021,6170.49,49.38,106.63,2,unlisted,yes,Pune,Maharashtra,https://buyunlistedshares.com/unlisted-shares/bvg
c-and-s-electric-limited,C&S Electric Limited,IT & INDUSTRIALS,Industrials,1950,2026-09-21,10,19500,1950.0,1850.0,INE052F01012,8619,70.8,93.48,10,unlisted,no,Delhi,Delhi,https://buyunlistedshares.com/unlisted-shares/c-and-s-electric-limited
camac-commercial-company-limited,Camac Commercial Company Limited,FINANCIALS,Financials,35000,2026-09-21,1,35000,35000.0,35000.0,INE227E01013,3089.8,1413.57,24710.87,10,unlisted,no,Delhi,Delhi,https://buyunlistedshares.com/unlisted-shares/camac-commercial-company-limited
capgemini,Capgemini Technology Services India Limited,IT & INDUSTRIALS,Information Technology,10400,2026-09-21,1,10400,11250.0,10400.0,INE177B01032,61362.46,17.56,3362.8,10,unlisted,no,Pune,Maharashtra,https://buyunlistedshares.com/unlisted-shares/capgemini
care-health-insurance-company-limited,Care Health (Previously Religare Health) Insurance Company Limited,FINANCIALS,Financials,148,2026-09-21,70,10360,158.0,118.0,INE119J01011,12957,42.53,26.77,10,unlisted,no,Delhi,Delhi,https://buyunlistedshares.com/unlisted-shares/care-health-insurance-company-limited
carrier-airconditioning-and-refrigeration-limited,Carrier Airconditioning & Refrigeration Limited,IT & INDUSTRIALS,Industrials,515,2026-09-21,20,10300,555.0,495.0,INE040I01011,5478,27.12,55.4,10,unlisted,no,Gurugram,Haryana,https://buyunlistedshares.com/unlisted-shares/carrier-airconditioning-and-refrigeration-limited
cheelizza-pizza-unlisted-share,Cheelizza Pizza India,CONSUMER,Food & Beverages,16,2026-09-21,625,10000,76.0,12.0,INE0MSX01027,184.22,,-0.04,1,unlisted,no,Mumbai,Maharashtra,https://buyunlistedshares.com/unlisted-shares/cheelizza-pizza-unlisted-share
claps-oiltech,Claps Oiltech,IT & INDUSTRIALS,Energy,46,2026-09-21,220,10120,46.0,46.0,INE0UGF01014,30.82,60.53,10.96,10,unlisted,no,Hyderabad,Telangana,https://buyunlistedshares.com/unlisted-shares/claps-oiltech
cial,Cochin International Airport Limited (CIAL),FINANCIALS,Financials,450,2026-09-21,25,11250,468.0,438.0,INE02KH01019,21519.83,40.59,55.94,10,unlisted,no,Kochi,Kerala,https://buyunlistedshares.com/unlisted-shares/cial
core-energy-systems-limited,Core Energy Systems Limited,IT & INDUSTRIALS,Industrials,16800,2026-09-21,1,16800,18800.0,16800.0,INE0H2L01014,4108.83,237.59,940.58,10,unlisted,no,Mumbai,Maharashtra,https://buyunlistedshares.com/unlisted-shares/core-energy-systems-limited
cremica-food-industries-limited,Cremica Food Industries Limited,CONSUMER,Food & Beverages,172,2026-09-21,60,10320,175.0,148.0,INE404T01016,,,,10,unlisted,no,Jalandhar,Punjab,https://buyunlistedshares.com/unlisted-shares/cremica-food-industries-limited
ctr-manufacturing-industries-limited,CTR Manufacturing Industries Limited,IT & INDUSTRIALS,Industrials,16198,2026-09-21,1,16198,16198.0,16198.0,INE372G01012,284,4.37,34076.33,100,unlisted,no,Pune,Maharashtra,https://buyunlistedshares.com/unlisted-shares/ctr-manufacturing-industries-limited
dalmia-bharat-refractories-limited,Dalmia Bharat Refractories Limited (DBRL),IT & INDUSTRIALS,Industrials,215,2026-09-21,50,10750,245.0,205.0,INE0EB001012,950.3,,551.4,10,unlisted,no,Tiruchirappalli,Tamil Nadu,https://buyunlistedshares.com/unlisted-shares/dalmia-bharat-refractories-limited
dantech-digital-dental-solutions-private-limited,Dantech Digital Dental Solutions Private Limited,CONSUMER,Healthcare,450,2026-09-21,25,11250,450.0,450.0,INE0SCF01017,168,,,10,unlisted,no,Chennai,Tamil Nadu,https://buyunlistedshares.com/unlisted-shares/dantech-digital-dental-solutions-private-limited
delta-galaxy,Delta Galaxy,IT & INDUSTRIALS,Industrials,44,2026-09-21,230,10120,48.0,39.0,INE0T0H01020,128,5.11,46.43,10,unlisted,no,Patna,Bihar,https://buyunlistedshares.com/unlisted-shares/delta-galaxy
deys-medical-stores,Deys Medical Stores,CONSUMER,Healthcare,539,2026-09-21,20,10780,539.0,539.0,INE1TA501014,46,11.19,1161.32,10,unlisted,no,Kolkata,West Bengal,https://buyunlistedshares.com/unlisted-shares/deys-medical-stores
digvijay,Digvijay Finlease Limited,FINANCIALS,Financials,1595,2026-09-21,10,15950,1800.0,1575.0,INE01US01017,2114.88,58.44,10265.34,10,unlisted,no,Kolkata,West Bengal,https://buyunlistedshares.com/unlisted-shares/digvijay
down-town-hospital-limited,Down Town Hospital Limited,CONSUMER,Healthcare,375,2026-09-21,30,11250,375.0,375.0,INE06NN01012,113,19.4,246.73,10,unlisted,no,Guwahati,Assam,https://buyunlistedshares.com/unlisted-shares/down-town-hospital-limited
e-trav-tech-limited,E Trav Tech Limited,IT & INDUSTRIALS,Information Technology,102,2026-09-21,100,10200,102.0,100.0,INE0NQH01022,1161,41.49,16.78,2,unlisted,no,Rajkot,Gujarat,https://buyunlistedshares.com/unlisted-shares/e-trav-tech-limited
eaaa-india-alternatives-limited,EAAA India Alternatives Limited,FINANCIALS,Financials,,,,,,,INE528L01027,,,168.1,5,unlisted,yes,Mumbai,Maharashtra,https://buyunlistedshares.com/unlisted-shares/eaaa-india-alternatives-limited
east-india-pharmaceutical-works-limited,East India Pharmaceutical Works Limited,CONSUMER,Pharmaceuticals,79,2026-09-21,130,10270,79.0,79.0,INE254X01017,53,26.33,86.69,10,unlisted,no,Kolkata,West Bengal,https://buyunlistedshares.com/unlisted-shares/east-india-pharmaceutical-works-limited
eaton-fluid-power-limited,Eaton Fluid Power Limited,IT & INDUSTRIALS,Industrials,550,2026-09-21,20,11000,550.0,550.0,INE762B01015,380,17.57,170.87,10,unlisted,no,Pune,Maharashtra,https://buyunlistedshares.com/unlisted-shares/eaton-fluid-power-limited
ecosure,Ecosure,IT & INDUSTRIALS,Industrials,30,2026-09-21,335,10050,52.0,26.0,INE0K3N01021,157.2,24.86,10.04,2,unlisted,no,Delhi,Delhi,https://buyunlistedshares.com/unlisted-shares/ecosure
eiffil-water-infra-private-limited,Eiffil Water Infra Private Limited,IT & INDUSTRIALS,Industrials,268,2026-09-21,40,10720,325.0,268.0,INE1GFM01019,812.5,22.49,71.08,10,unlisted,no,Ahmedabad,Gujarat,https://buyunlistedshares.com/unlisted-shares/eiffil-water-infra-private-limited
ekkaa-electronics-pvt-ltd,Ekkaa Electronics (India) Pvt. Ltd.,CONSUMER,Consumer Discretionary,,,,,,,INE0T2S01015,721,,,10,unlisted,no,Delhi,Delhi,https://buyunlistedshares.com/unlisted-shares/ekkaa-electronics-pvt-ltd
electrosteel-steels-limited,Electrosteel Steels Limited,IT & INDUSTRIALS,Materials,36,2026-09-21,280,10080,40.0,36.0,INE481K01021,7211,,23.42,10,unlisted,no,Bokaro,Jharkhand,https://buyunlistedshares.com/unlisted-shares/electrosteel-steels-limited
elofic-industries-limited,Elofic Industries Limited,IT & INDUSTRIALS,Industrials,3150,2026-09-21,5,15750,3800.0,2895.0,INE02YY01015,790.14,10.26,1365.43,10,unlisted,no,Faridabad,Haryana,https://buyunlistedshares.com/unlisted-shares/elofic-industries-limited
empire,Empire Spices and Foods Limited,CONSUMER,Food & Beverages,550,2026-09-21,20,11000,575.0,550.0,INE041101010,266.23,17.84,247.57,10,unlisted,no,Mumbai,Maharashtra,https://buyunlistedshares.com/unlisted-shares/empire
fincare-business-finance,Fincare Business Finance,FINANCIALS,Financials,114,2026-09-21,90,10260,114.0,91.0,INE957R01025,2805,45.97,37.36,1,unlisted,no,Ahmedabad,Gujarat,https://buyunlistedshares.com/unlisted-shares/fincare-business-finance
fino,Fino Paytech Limited,FINANCIALS,Financials,98,2026-09-21,105,10290,130.0,98.0,INE511I01011,1024.73,11.85,80.52,10,unlisted,no,Navi Mumbai,Maharashtra,https://buyunlistedshares.com/unlisted-shares/fino
fns-international-limited,FNS International Limited,CONSUMER,Consumer Discretionary,50,2026-09-21,200,10000,50.0,50.0,INE0TEH01017,44.12,40,18.6,10,unlisted,no,Delhi,Delhi,https://buyunlistedshares.com/unlisted-shares/fns-international-limited
frick-india-limited,Frick India Limited,IT & INDUSTRIALS,Industrials,2125,2026-09-21,5,10625,2650.0,1550.0,INE499C01012,945,29.29,561.67,10,unlisted,no,Faridabad,Haryana,https://buyunlistedshares.com/unlisted-shares/frick-india-limited
fusion-techstack-limited,Fusion Techstack Limited (Formerly known as Indian Commodity Exchange Limited),FINANCIALS,Financials,4.95,2026-09-21,2025,10023.75,5.5,2.6,INE678L01012,139,130,1.32,5,unlisted,no,Surat,Gujarat,https://buyunlistedshares.com/unlisted-shares/fusion-techstack-limited
gamma-rotors-limited,Gamma Rotors Limited,IT & INDUSTRIALS,Aerospace,128,2026-09-21,80,10240,142.0,58.0,INE1VD201014,54.8,36.3,28.6,2,unlisted,no,Delhi,Delhi,https://buyunlistedshares.com/unlisted-shares/gamma-rotors-limited
garuda-aerospace-limited,Garuda Aerospace Limited,IT & INDUSTRIALS,Industrials,444,2026-09-21,25,11100,495.0,425.0,INE0REL01021,2252,130.37,33.61,2,unlisted,yes,Chennai,Tamil Nadu,https://buyunlistedshares.com/unlisted-shares/garuda-aerospace-limited
gfcl-ev-products-limited,GFCL EV Products Limited,IT & INDUSTRIALS,Materials,42,2026-09-21,240,10080,48.0,40.0,INE0KA501014,30785.88,,2.06,1,unlisted,no,Panchmahal,Gujarat,https://buyunlistedshares.com/unlisted-shares/gfcl-ev-products-limited
gh2-solar-limited,GH2 Solar Limited,IT & INDUSTRIALS,Energy,274,2026-09-21,40,10960,285.0,228.0,INE1FAE01019,533.86,22.33,30.28,10,unlisted,no,Delhi,Delhi,https://buyunlistedshares.com/unlisted-shares/gh2-solar-limited
gkn-driveline-india-limited,GKN Driveline India Limited,CONSUMER,Automotive,1725,2026-09-21,10,17250,1850.0,1725.0,INE527A01014,2203.35,21.16,243.25,10,unlisted,no,Faridabad,Haryana,https://buyunlistedshares.com/unlisted-shares/gkn-driveline-india-limited
goa-shipyard-limited,Goa Shipyard Limited,IT & INDUSTRIALS,Industrials,2675,2026-09-21,5,13375,4000.0,2675.0,INE178Z01013,31137,107.73,139.71,5,unlisted,no,Panaji,Goa,https://buyunlistedshares.com/unlisted-shares/goa-shipyard-limited
goodluck-defence-and-aerospace,Goodluck Defence And Aerospace,IT & INDUSTRIALS,Aerospace,438,2026-09-21,25,10950,482.0,308.0,INE0S7401019,2151.02,515.31,35.44,10,unlisted,no,Ghaziabad,Uttar Pradesh,https://buyunlistedshares.com/unlisted-shares/goodluck-defence-and-aerospace
goodluck-green-energy-limited,Goodluck Green Energy Limited,IT & INDUSTRIALS,Energy,158,2026-09-21,65,10270,162.0,96.0,INE14Z701011,1062.53,605.26,12.95,10,unlisted,no,Ghaziabad,Uttar Pradesh,https://buyunlistedshares.com/unlisted-shares/goodluck-green-energy-limited
graand-prix-luxury-elevators-limited,Graand Prix Luxury Elevators Limited,IT & INDUSTRIALS,Industrials,46,2026-09-21,220,10120,46.0,46.0,INE0QEY01018,,,,10,unlisted,no,Mumbai,Maharashtra,https://buyunlistedshares.com/unlisted-shares/graand-prix-luxury-elevators-limited
greenzo-energy-india-limited,Greenzo Energy India Limited,IT & INDUSTRIALS,Energy,675,2026-09-21,15,10125,700.0,578.0,INE0OA401013,936.39,583.84,63.04,10,unlisted,no,Delhi,Delhi,https://buyunlistedshares.com/unlisted-shares/greenzo-energy-india-limited
gynofem-healthcare-and-pharmaceutical,Gynofem Healthcare and Pharmaceutical,CONSUMER,Pharmaceuticals,64,2026-09-21,160,10240,116.0,60.0,INE0NLL01017,635,,0.64,1,unlisted,no,Indore,Madhya Pradesh,https://buyunlistedshares.com/unlisted-shares/gynofem-healthcare-and-pharmaceutical
hcin-networks-private-limited,HCIN Networks Private Limited,IT & INDUSTRIALS,Telecom,175,2026-09-21,60,10500,220.0,175.0,INE0U7Y01027,224.57,31.88,93.73,10,unlisted,no,Gurugram,Haryana,https://buyunlistedshares.com/unlisted-shares/hcin-networks-private-limited
hdfc-ergo-general-insurance-limited,HDFC Ergo General Insurance Limited,FINANCIALS,Financials,370,2026-09-21,30,11100,370.0,370.0,INE225R01027,26783.09,53.56,71.13,10,unlisted,no,Mumbai,Maharashtra,https://buyunlistedshares.com/unlisted-shares/hdfc-ergo-general-insurance-limited
hella-india-lighting,Hella India Lighting,CONSUMER,Automotive,925,2026-09-21,15,13875,925.0,925.0,INE431D01021,344,11.88,496.06,10,unlisted,no,Delhi,Delhi,https://buyunlistedshares.com/unlisted-shares/hella-india-lighting
hella-infra-market-private-limited,Hella Infra Market Private Limited,IT & INDUSTRIALS,Materials,97500,2026-09-21,1,97500,228000.0,59500.0,INE06E501010,8389,38.13,55261.84,10,unlisted,no,Thane,Maharashtra,https://buyunlistedshares.com/unlisted-shares/hella-infra-market-private-limited
hero-fincorp-limited,Hero Fincorp Limited,FINANCIALS,Financials,945,2026-09-21,15,14175,1395.0,945.0,INE957N01016,12638.93,120.5,456.66,10,unlisted,yes,Delhi,Delhi,https://buyunlistedshares.com/unlisted-shares/hero-fincorp-limited
hml,Hero Motors Limited,FINANCIALS,Financials,318,2026-09-21,35,11130,325.0,278.0,INE012G01022,12061.99,373.56,11.5,10,unlisted,no,Ludhiana,Punjab,https://buyunlistedshares.com/unlisted-shares/hml
hicks-thermometers-india-limited,Hicks Thermometers India Limited,CONSUMER,Healthcare,1650,2026-09-21,10,16500,1800.0,1640.0,INE923S01017,54,15.34,1466.05,10,unlisted,no,,Uttar Pradesh,https://buyunlistedshares.com/unlisted-shares/hicks-thermometers-india-limited
himalayan-heli-services,Himalayan Heli Services,IT & INDUSTRIALS,Industrials,184,2026-09-21,55,10120,218.0,175.0,INE142401012,204,54.6,35.22,10,unlisted,no,Delhi,Delhi,https://buyunlistedshares.com/unlisted-shares/himalayan-heli-services
hindon-mercantile-limited,Hindon Mercantile Limited,FINANCIALS,Financials,815,2026-09-21,15,12225,945.0,675.0,,1623.7,82.05,183.04,10,unlisted,no,Delhi,Delhi,https://buyunlistedshares.com/unlisted-shares/hindon-mercantile-limited
hinduja-leyland-finance-limited,Hinduja Leyland Finance Limited,FINANCIALS,Financials,242,2026-09-21,45,10890,248.0,197.0,INE146O01014,13380.55,16.62,159.47,10,unlisted,no,Mumbai,Maharashtra,https://buyunlistedshares.com/unlisted-shares/hinduja-leyland-finance-limited
hindustan-power-exchange-limited,Hindustan Power Exchange Limited (HPX India),FINANCIALS,Financials,24,2026-09-21,420,10080,675.0,24.0,INE07WD01012,1547,143.95,1.22,1,unlisted,no,Mumbai,Maharashtra,https://buyunlistedshares.com/unlisted-shares/hindustan-power-exchange-limited
hindustan-times,Hindustan Times,CONSUMER,Media,950,2026-09-21,15,14250,950.0,950.0,INE946D01010,438.65,2.13,12347.46,2,unlisted,no,Delhi,Delhi,https://buyunlistedshares.com/unlisted-shares/hindustan-times
hindusthan-engineering-and-industries-ltd,Hindusthan Engineering and Industries Ltd. (HEIL),IT & INDUSTRIALS,Industrials,1050,2026-09-21,10,10500,1295.0,1050.0,INE665C01026,1544,7.08,1101.34,10,unlisted,no,Kolkata,West Bengal,https://buyunlistedshares.com/unlisted-shares/hindusthan-engineering-and-industries-ltd
hira-ferro-alloys-ltd,Hira Ferro Alloys Ltd. (HFAL),IT & INDUSTRIALS,Metals & Mining,168,2026-09-21,60,10080,170.0,160.0,INE573I01011,369.86,19.69,334.73,10,unlisted,no,Raipur,Chhattisgarh,https://buyunlistedshares.com/unlisted-shares/hira-ferro-alloys-ltd
hive-hostels,Hive Hostels,IT & INDUSTRIALS,Real Estate,2400,2026-09-21,5,12000,2400.0,2400.0,INE15HS01014,270.23,73.28,158.92,10,unlisted,no,Mumbai,Maharashtra,https://buyunlistedshares.com/unlisted-shares/hive-hostels
honeywell-electrical-devices-and-systems-india-ltd,Honeywell Electrical Devices And Systems India Ltd. (Rays Future),IT & INDUSTRIALS,Industrials,8500,2026-09-21,5,42500,8500.0,8500.0,INE848Y01014,808.89,89.88,1454.86,10,unlisted,no,Chennai,Tamil Nadu,https://buyunlistedshares.com/unlisted-shares/honeywell-electrical-devices-and-systems-india-ltd
house-of-kieraya-limited,House of Kieraya Limited (Furlenco),CONSUMER,Consumer Discretionary,260,2026-09-21,40,10400,260.0,150.0,INE467V01019,1734.02,,,1,unlisted,no,Bengaluru,Karnataka,https://buyunlistedshares.com/unlisted-shares/house-of-kieraya-limited
hutti-gold-mines-company-limited,Hutti Gold Mines Company Limited,IT & INDUSTRIALS,Metals & Mining,119838,2026-09-21,1,119838,120000.0,119838.0,INE2RVS01018,3550,8.14,104188.68,100,unlisted,no,Bengaluru,Karnataka,https://buyunlistedshares.com/unlisted-shares/hutti-gold-mines-company-limited
hvr-solar-private-limited,HVR Solar Private Limited,IT & INDUSTRIALS,Energy,294,2026-09-21,35,10290,294.0,200.0,INE1NDM01010,227.7,32.53,10.29,10,unlisted,no,Delhi,Delhi,https://buyunlistedshares.com/unlisted-shares/hvr-solar-private-limited
icl-fincorp-limited,ICL Fincorp Limited,FINANCIALS,Financials,24,2026-09-21,420,10080,30.0,24.0,INE01CY01013,181.12,43.86,21.64,10,unlisted,no,Chennai,Tamil Nadu,https://buyunlistedshares.com/unlisted-shares/icl-fincorp-limited
igrel-renewables-limited,IGREL Renewables Limited,IT & INDUSTRIALS,Utilities,,,,,,,INE0S0101012,,,,,unlisted,no,Vadodara,Gujarat,https://buyunlistedshares.com/unlisted-shares/igrel-renewables-limited
ikf-finance-limited,IKF Finance Limited,FINANCIALS,Financials,225,2026-09-21,45,10125,485.0,214.0,INE859C01033,4148.61,19.34,105.58,5,unlisted,no,Vijayawada,Andhra Pradesh,https://buyunlistedshares.com/unlisted-shares/ikf-finance-limited
imperative-business-ventures-limited,Imperative Business Ventures Limited,IT & INDUSTRIALS,Information Technology,140,2026-09-21,75,10500,140.0,135.0,INE0PC101016,112,24.65,15.8,10,unlisted,no,Thane,Maharashtra,https://buyunlistedshares.com/unlisted-shares/imperative-business-ventures-limited
incred-holdings-limited,Incred Holdings Limited,FINANCIALS,Financials,158,2026-09-21,65,10270,175.0,148.0,INE732W01014,10233,27.42,58.14,10,unlisted,yes,Mumbai,Maharashtra,https://buyunlistedshares.com/unlisted-shares/incred-holdings-limited
india-carbon-limited,India Carbon Limited,IT & INDUSTRIALS,Materials,895,2026-09-21,15,13425,895.0,860.0,INE743B01015,237,7.91,2055.28,10,unlisted,no,Guwahati,Assam,https://buyunlistedshares.com/unlisted-shares/india-carbon-limited
india-exposition-mart-ltd,India Exposition Mart Ltd,IT & INDUSTRIALS,Real Estate,148,2026-09-21,70,10360,188.0,118.0,INE01JH01021,1008,26.51,34.94,5,unlisted,yes,Delhi,Delhi,https://buyunlistedshares.com/unlisted-shares/india-exposition-mart-ltd
indian-gas-exchange-limited,Indian Gas Exchange Limited,FINANCIALS,Financials,475,2026-09-21,25,11875,475.0,398.0,INE0BI301012,3068,99.05,21.33,10,unlisted,yes,Delhi,Delhi,https://buyunlistedshares.com/unlisted-shares/indian-gas-exchange-limited
indian-potash-limited,Indian Potash Limited,IT & INDUSTRIALS,Chemicals,2725,2026-09-21,5,13625,3250.0,2725.0,INE863S01015,7792.74,4.69,3962.49,10,unlisted,no,Chennai,Tamil Nadu,https://buyunlistedshares.com/unlisted-shares/indian-potash-limited
indofil-industries-limited,Indofil Industries Limited,IT & INDUSTRIALS,Chemicals,1475,2026-09-21,10,14750,1995.0,1375.0,INE071I01016,3203,7.09,2830.89,10,unlisted,no,Mumbai,Maharashtra,https://buyunlistedshares.com/unlisted-shares/indofil-industries-limited
inkel-limited,Inkel Limited,IT & INDUSTRIALS,Real Estate,20,2026-09-21,500,10000,22.0,15.0,INE308U01017,373,15.56,13.82,10,unlisted,no,Kochi,Kerala,https://buyunlistedshares.com/unlisted-shares/inkel-limited
innov8-workspaces-india-limited,Innov8 Workspaces India Limited,IT & INDUSTRIALS,Real Estate,58,2026-09-21,175,10150,58.0,52.0,INE1DBW01022,1475.19,1160,2.42,1,unlisted,no,Delhi,Delhi,https://buyunlistedshares.com/unlisted-shares/innov8-workspaces-india-limited
inox-clean-energy-limited,Inox Clean Energy Limited,IT & INDUSTRIALS,Energy,795,2026-09-21,15,11925,850.0,495.0,INE0H7K01023,74150.5,2396.55,5.17,1,unlisted,no,Vadodara,Gujarat,https://buyunlistedshares.com/unlisted-shares/inox-clean-energy-limited
inox-leasing-and-finance-ltd,Inox Leasing and Finance Ltd. (ILFL),FINANCIALS,Holding Company,20750,2026-09-21,1,20750,21750.0,14250.0,INE608E01014,16335,17.16,13679.63,10,unlisted,no,Una,Himachal Pradesh,https://buyunlistedshares.com/unlisted-shares/inox-leasing-and-finance-ltd
inox-renewable-solutions-limited,Inox Renewable Solutions Limited,IT & INDUSTRIALS,Energy,575,2026-09-21,20,11500,575.0,575.0,INE0CJZ01014,9312,518.02,58.35,10,unlisted,no,Vadodara,Gujarat,https://buyunlistedshares.com/unlisted-shares/inox-renewable-solutions-limited
insolare-energy,Insolare Energy,IT & INDUSTRIALS,Energy,172,2026-09-21,60,10320,210.0,145.0,INE0TSJ01021,1047.58,54.77,34.91,2,unlisted,no,Ahmedabad,Gujarat,https://buyunlistedshares.com/unlisted-shares/insolare-energy
interno-fusion,Interno Fusion,CONSUMER,Consumer Discretionary,88,2026-09-21,115,10120,90.0,85.0,INE0YET01012,107.95,55.35,18.18,10,unlisted,no,Gurugram,Haryana,https://buyunlistedshares.com/unlisted-shares/interno-fusion
jai-mata-engineering-limited,Jai Mata Engineering Limited,IT & INDUSTRIALS,Materials,215,2026-09-21,50,10750,218.0,198.0,INE0E4L01013,,,,10,unlisted,no,Delhi,Delhi,https://buyunlistedshares.com/unlisted-shares/jai-mata-engineering-limited
jainam-broking-limited,Jainam Broking Limited,FINANCIALS,Financials,218,2026-09-21,50,10900,265.0,218.0,INE0JY501027,,,,,unlisted,yes,Ahmedabad,Gujarat,https://buyunlistedshares.com/unlisted-shares/jainam-broking-limited
jasmino-corporation-limited,Jasmino Corporation Limited,IT & INDUSTRIALS,Industrials,425,2026-09-21,25,10625,425.0,425.0,INE12ML01016,1612,87.99,8.92,10,unlisted,no,Raigad,Maharashtra,https://buyunlistedshares.com/unlisted-shares/jasmino-corporation-limited
jsr-dynamics-private-limited,JSR Dynamics Private Limited,IT & INDUSTRIALS,Aerospace,8950,2026-09-21,5,44750,9750.0,8950.0,INE0JFD01014,5600.14,,206.38,10,unlisted,no,Nagpur,Maharashtra,https://buyunlistedshares.com/unlisted-shares/jsr-dynamics-private-limited
jupiter-international-limited,Jupiter International Limited,IT & INDUSTRIALS,Energy,235,2026-09-21,45,10575,355.0,228.0,INE467C01027,16994,138.18,7.09,2,unlisted,no,Kolkata,West Bengal,https://buyunlistedshares.com/unlisted-shares/jupiter-international-limited
kanara-consumer-products-2,Kanara Consumer Products,CONSUMER,Consumer Discretionary,875,2026-09-21,15,13125,1100.0,875.0,INE781F01032,1302,14.96,860.21,10,unlisted,no,Bengaluru,Karnataka,https://buyunlistedshares.com/unlisted-shares/kanara-consumer-products-2
kannur-international-airport-limited,Kannur International Airport Limited,IT & INDUSTRIALS,Industrials,124,2026-09-21,85,10540,130.0,124.0,INE02Y401013,1726.52,,37.42,100,unlisted,no,Kannur,Kerala,https://buyunlistedshares.com/unlisted-shares/kannur-international-airport-limited
karigari-ventures-limited,Karigari Ventures Limited,CONSUMER,Consumer Discretionary,170,2026-09-21,60,10200,170.0,170.0,INE2J4401017,,,,10,unlisted,no,Noida,Uttar Pradesh,https://buyunlistedshares.com/unlisted-shares/karigari-ventures-limited
kevadiya-constructure-limited,Kevadiya Constructure Limited (KCL),IT & INDUSTRIALS,Industrials,4900,2026-09-21,5,24500,7800.0,4900.0,INE1BXP01016,692.54,15.95,2419.46,10,unlisted,no,Ahmedabad,Gujarat,https://buyunlistedshares.com/unlisted-shares/kevadiya-constructure-limited
kineco-limited,Kineco Limited,IT & INDUSTRIALS,Industrials,3095,2026-09-21,5,15475,3500.0,2875.0,INE139Y01018,2229.44,187.95,223.38,10,unlisted,no,Panaji,Goa,https://buyunlistedshares.com/unlisted-shares/kineco-limited
klm-axiva-finvest,KLM Axiva Finvest,FINANCIALS,Financials,18,2026-09-21,560,10080,18.0,17.0,INE01I501011,464.31,23.08,10.65,10,unlisted,no,Hyderabad,Telangana,https://buyunlistedshares.com/unlisted-shares/klm-axiva-finvest
lakeshore-hospital,Lakeshore Hospital,CONSUMER,Healthcare,98,2026-09-21,105,10290,115.0,98.0,INE01TI01010,1150,29.41,42.22,10,unlisted,no,Kochi,Kerala,https://buyunlistedshares.com/unlisted-shares/lakeshore-hospital
lava,LAVA International Limited,IT & INDUSTRIALS,Information Technology,52,2026-09-21,195,10140,60.0,38.0,INE745X01022,2813.86,69.84,17.7,5,unlisted,no,Delhi,Delhi,https://buyunlistedshares.com/unlisted-shares/lava
livespace-interiors-pvt-ltd,Livespace Interiors Pvt Ltd,IT & INDUSTRIALS,Industrials,300,2026-09-21,35,10500,300.0,300.0,,52.83,44.05,9.6,10,unlisted,no,Noida,Uttar Pradesh,https://buyunlistedshares.com/unlisted-shares/livespace-interiors-pvt-ltd
machint-solutions-limited,Machint Solutions Limited,IT & INDUSTRIALS,Information Technology,78,2026-09-21,130,10140,335.0,74.0,INE0ZD001015,101,5.94,87.7,10,unlisted,no,Hyderabad,Telangana,https://buyunlistedshares.com/unlisted-shares/machint-solutions-limited
madbow-ventures,Madbow Ventures,CONSUMER,Consumer Discretionary,35,2026-09-21,290,10150,35.0,29.9,INE0JKD01022,54,,,1,unlisted,no,Gurugram,Haryana,https://buyunlistedshares.com/unlisted-shares/madbow-ventures
madhur-iron-and-steel,Madhur Iron and Steel (India),IT & INDUSTRIALS,Materials,146,2026-09-21,70,10220,220.0,118.0,INE0TO301014,351,19,35.22,10,unlisted,yes,Bhilai,Chhattisgarh,https://buyunlistedshares.com/unlisted-shares/madhur-iron-and-steel
maharaja-shree-umaid-mills,Maharaja Shree Umaid Mills,CONSUMER,Textiles,135,2026-09-21,75,10125,135.0,135.0,INE087D01013,2707.84,46.71,44.35,10,unlisted,no,Kolkata,West Bengal,https://buyunlistedshares.com/unlisted-shares/maharaja-shree-umaid-mills
maharashtra-knowledge-corporation,Maharashtra Knowledge Corporation,IT & INDUSTRIALS,Information Technology,435,2026-09-21,25,10875,450.0,435.0,INE03KR01016,364,11.35,759.65,10,unlisted,no,Pune,Maharashtra,https://buyunlistedshares.com/unlisted-shares/maharashtra-knowledge-corporation
manipal-payment-and-identity-solutions-ltd,Manipal Payment & Identity Solutions Ltd (Manipal Cards),IT & INDUSTRIALS,Information Technology,385,2026-09-21,30,11550,445.0,385.0,INE241U01028,7569.06,31.47,29.65,2,listed,no,Manipal,Karnataka,https://buyunlistedshares.com/unlisted-shares/manipal-payment-and-identity-solutions-ltd
manjushree-technopack-india-limited,Manjushree Technopack India Limited,IT & INDUSTRIALS,Materials,925,2026-09-21,15,13875,1050.0,925.0,,8369,31.58,166.63,2,unlisted,no,Bengaluru,Karnataka,https://buyunlistedshares.com/unlisted-shares/manjushree-technopack-india-limited
market-simplified,Market Simplified,IT & INDUSTRIALS,Information Technology,26,2026-09-21,385,10010,34.0,26.0,INE931L01015,55.61,,18.03,10,unlisted,no,Chennai,Tamil Nadu,https://buyunlistedshares.com/unlisted-shares/market-simplified
martin-and-harris-laboratories-limited,Martin and Harris Laboratories Limited,CONSUMER,Pharmaceuticals,895,2026-09-21,15,13425,950.0,850.0,INE03VV01015,357.65,4.71,1749.15,10,unlisted,no,Gurugram,Haryana,https://buyunlistedshares.com/unlisted-shares/martin-and-harris-laboratories-limited
matrix-gas-and-renewables,Matrix Gas And Renewables,IT & INDUSTRIALS,Energy,4.5,2026-09-21,2225,10012.5,44.0,4.5,INE0PO201010,22.96,0.62,147.22,10,unlisted,no,Ahmedabad,Gujarat,https://buyunlistedshares.com/unlisted-shares/matrix-gas-and-renewables
maverick-simulation-solutions-limited,Maverick Simulation Solutions Limited,CONSUMER,Healthcare,2750,2026-09-21,5,13750,2800.0,1950.0,INE1BEQ01014,1142,23.9,217.57,10,unlisted,no,Delhi,Delhi,https://buyunlistedshares.com/unlisted-shares/maverick-simulation-solutions-limited
maxvalue-credits-and-investments,Maxvalue Credits and Investments,FINANCIALS,Financials,4.75,2026-09-21,2110,10022.5,6.0,4.4,INE040401023,169.82,50,3.3,5,unlisted,no,Thrissur,Kerala,https://buyunlistedshares.com/unlisted-shares/maxvalue-credits-and-investments
merino-industries-limited,Merino Industries Limited,IT & INDUSTRIALS,Materials,2575,2026-09-21,5,12875,3250.0,2575.0,INE662B01017,2879,,1223.11,10,unlisted,no,Kolkata,West Bengal,https://buyunlistedshares.com/unlisted-shares/merino-industries-limited
metropolitan-stock-exchange,Metropolitan Stock Exchange (MSEI),FINANCIALS,Financials,6.95,2026-09-21,1440,10008,7.75,2.5,INE312K01010,7645.15,,0.36,1,unlisted,no,,Maharashtra,https://buyunlistedshares.com/unlisted-shares/metropolitan-stock-exchange
midland-micro-finance-limited,Midland Micro Finance Limited,FINANCIALS,Financials,195,2026-09-21,55,10725,195.0,195.0,INE884Q01015,1021,14.18,95.01,10,unlisted,no,Jalandhar,Punjab,https://buyunlistedshares.com/unlisted-shares/midland-micro-finance-limited
mil-industries-limited,MIL Industries Limited,IT & INDUSTRIALS,Materials,279,2026-09-21,40,11160,279.0,120.0,INE651L01019,87.89,14.16,107.43,10,unlisted,no,Chennai,Tamil Nadu,https://buyunlistedshares.com/unlisted-shares/mil-industries-limited
milton-cycle-industries-limited,Milton Cycle Industries Limited,CONSUMER,Consumer Discretionary,195,2026-09-21,55,10725,195.0,195.0,INE03IE01018,5.88,,258.5,10,unlisted,no,Sonipat,Haryana,https://buyunlistedshares.com/unlisted-shares/milton-cycle-industries-limited
minosha-india-ltd,Minosha India Ltd. (Ricoh India Ltd.),IT & INDUSTRIALS,Industrials,350,2026-09-21,30,10500,412.0,350.0,INE291B01031,1350.97,21.59,318.76,10,unlisted,no,Mumbai,Maharashtra,https://buyunlistedshares.com/unlisted-shares/minosha-india-ltd
mohan-meakin-limited,Mohan Meakin Limited,CONSUMER,Consumer Staples,2325,2026-09-21,5,11625,2575.0,2075.0,INE136D01018,1978.22,20.3,552.6,5,unlisted,no,Solan,Himachal Pradesh,https://buyunlistedshares.com/unlisted-shares/mohan-meakin-limited
mohindra-fasteners-limited,Mohindra Fasteners Limited,IT & INDUSTRIALS,Industrials,295,2026-09-21,35,10325,305.0,295.0,INE705H01011,,,,,unlisted,no,Delhi,Delhi,https://buyunlistedshares.com/unlisted-shares/mohindra-fasteners-limited
motilal-oswal-home-finance-limited,Motilal Oswal Home Finance Limited,FINANCIALS,Financials,11.25,2026-09-21,890,10012.5,14.95,10.6,INE658R01011,6968.07,53.49,2.65,1,unlisted,no,Mumbai,Maharashtra,https://buyunlistedshares.com/unlisted-shares/motilal-oswal-home-finance-limited
national-commodity-and-derivatives-exchange-ltd,National Commodity and Derivatives Exchange Ltd. (NCDEX),FINANCIALS,Financials,382,2026-09-21,30,11460,488.0,349.0,INE127G01010,3211,,165.78,10,unlisted,no,Mumbai,Maharashtra,https://buyunlistedshares.com/unlisted-shares/national-commodity-and-derivatives-exchange-ltd
national-e-repository-limited,National E-Repository Limited (NeRL),FINANCIALS,Financials,47,2026-09-21,215,10105,69.0,47.0,INE878X01013,405,,5.69,10,unlisted,no,Mumbai,Maharashtra,https://buyunlistedshares.com/unlisted-shares/national-e-repository-limited
nse-india,National Stock Exchange (NSE),FINANCIALS,Financials,1785,2026-09-21,10,17850,2150.0,1785.0,INE721I01024,441787.5,38.55,122.64,1,unlisted,no,Mumbai,Maharashtra,https://buyunlistedshares.com/unlisted-shares/nse-india
nayara-energy-limited,Nayara Energy (Formerly Essar Oil) Limited,IT & INDUSTRIALS,Energy,1075,2026-09-21,10,10750,1230.0,950.0,INE011A01019,167539,27.56,335.58,10,unlisted,no,,Gujarat,https://buyunlistedshares.com/unlisted-shares/nayara-energy-limited
ncl-buildtek-limited,NCL Buildtek Limited (Previously NCL Alltek & Seccolor Limited),IT & INDUSTRIALS,Industrials,145,2026-09-21,70,10150,235.0,128.0,INE243S01010,283,6.18,208.73,10,unlisted,no,Hyderabad,Telangana,https://buyunlistedshares.com/unlisted-shares/ncl-buildtek-limited
ncl-holdings-2,NCL Holdings (A&S),FINANCIALS,Holding Company,108,2026-09-21,95,10260,135.0,108.0,INE06DT01010,62.48,3.54,155.14,10,unlisted,no,Hyderabad,Telangana,https://buyunlistedshares.com/unlisted-shares/ncl-holdings-2
nidec-india-precision-tools-ltd,Nidec India Precision Tools Ltd.(Formerly Mitsubishi Heavy Industries),IT & INDUSTRIALS,Industrials,225,2026-09-21,45,10125,225.0,225.0,INE677G01014,156.83,7.26,379.69,10,unlisted,no,Ranipet,Tamil Nadu,https://buyunlistedshares.com/unlisted-shares/nidec-india-precision-tools-ltd
nilliampathy-tea-and-produce-company-limited,Nilliampathy Tea & Produce Company Limited,CONSUMER,Consumer Staples,549,2026-09-21,20,10980,549.0,549.0,INE829E01016,26.86,3.06,749.2,10,unlisted,no,Kochi,Kerala,https://buyunlistedshares.com/unlisted-shares/nilliampathy-tea-and-produce-company-limited
nnt-developers-limited,NNT Developers Limited,IT & INDUSTRIALS,Industrials,88,2026-09-21,115,10120,88.0,84.0,INE1C1201011,348,17.4,22,10,unlisted,yes,Patna,Bihar,https://buyunlistedshares.com/unlisted-shares/nnt-developers-limited
ofbusiness-tech-private-limited,OfBusiness (OFB) Tech Private Limited,FINANCIALS,Financials,415,2026-09-21,25,10375,415.0,410.0,INE06DH01023,44219.49,73.21,86.09,1,unlisted,no,Ahmedabad,Gujarat,https://buyunlistedshares.com/unlisted-shares/ofbusiness-tech-private-limited
onix-renewable-limited,Onix Renewable Limited,IT & INDUSTRIALS,Energy,47,2026-09-21,215,10105,118.0,46.0,INE0TG701015,650,5.5,64.57,10,unlisted,no,Rajkot,Gujarat,https://buyunlistedshares.com/unlisted-shares/onix-renewable-limited
oravel-stays,Oravel Stays (OYO Rooms),NEW-AGE,Hospitality,24,2026-09-21,420,10080,54.0,23.0,INE561T01021,35033,147.06,2.7,1,unlisted,yes,Ahmedabad,Gujarat,https://buyunlistedshares.com/unlisted-shares/oravel-stays
orbis-financial-corporation,Orbis Financial Corporation,FINANCIALS,Financials,348,2026-09-21,30,10440,525.0,348.0,INE155K01013,4820,23.5,73.19,10,unlisted,no,Gurugram,Haryana,https://buyunlistedshares.com/unlisted-shares/orbis-financial-corporation
otis-elevator-limited,Otis Elevator (India) Limited,IT & INDUSTRIALS,Industrials,3850,2026-09-21,5,19250,4150.0,3675.0,INE099A01022,4546.17,23.8,398.71,10,unlisted,no,Mumbai,Maharashtra,https://buyunlistedshares.com/unlisted-shares/otis-elevator-limited
parag-parikh-financial-advisory-services-limited,Parag Parikh Financial Advisory Services Limited,FINANCIALS,Financials,19750,2026-09-21,1,19750,21000.0,15950.0,INE0FGC01012,15621.8,40.51,1276.5,10,unlisted,no,Mumbai,Maharashtra,https://buyunlistedshares.com/unlisted-shares/parag-parikh-financial-advisory-services-limited
parry-agro-industries-limited,Parry Agro Industries Limited,CONSUMER,Consumer Staples,1200,2026-09-21,10,12000,1740.0,1200.0,INE361N01011,450.82,,182.45,10,unlisted,no,Chennai,Tamil Nadu,https://buyunlistedshares.com/unlisted-shares/parry-agro-industries-limited
pashupati-polytex-private-limited,Pashupati Polytex Private Limited,IT & INDUSTRIALS,Materials,298,2026-09-21,35,10430,298.0,280.0,INE1FHR01016,1410,52.24,85.86,10,unlisted,no,Gorakhpur,Uttar Pradesh,https://buyunlistedshares.com/unlisted-shares/pashupati-polytex-private-limited
paymate-india-limited,Paymate India Limited,FINANCIALS,Financials,445,2026-09-21,25,11125,495.0,445.0,INE08J501021,2566.32,,3.08,1,unlisted,no,Mumbai,Maharashtra,https://buyunlistedshares.com/unlisted-shares/paymate-india-limited
pharmeasy,PharmEasy,NEW-AGE,Healthcare,7.95,2026-09-21,1260,10017,9.95,5.6,INE0DJ201029,9538,,1.75,1,unlisted,no,Mumbai,Maharashtra,https://buyunlistedshares.com/unlisted-shares/pharmeasy
philips-domestic-appliances-india,Philips Domestic Appliances India,CONSUMER,Consumer Discretionary,750,2026-09-21,15,11250,750.0,750.0,INE0FO801019,4314,31.4,64.3,10,unlisted,no,Kolkata,West Bengal,https://buyunlistedshares.com/unlisted-shares/philips-domestic-appliances-india
philips-india-limited,Philips India Limited,CONSUMER,Consumer Discretionary,1050,2026-09-21,10,10500,1050.0,1050.0,INE319A01016,6039.31,23.44,258.98,10,unlisted,no,Kolkata,West Bengal,https://buyunlistedshares.com/unlisted-shares/philips-india-limited
phonepe-limited,PhonePe Limited,NEW-AGE,Financials,19968,2026-09-21,1,19968,19968.0,19968.0,INE0KM101027,107000,,187.73,1,unlisted,yes,Bengaluru,Karnataka,https://buyunlistedshares.com/unlisted-shares/phonepe-limited
pnb-finance-and-industries-ltd,PNB Finance and Industries Ltd.,FINANCIALS,Financials,8800,2026-09-21,5,44000,11500.0,8800.0,,2432,339.74,10296.5,10,unlisted,no,Delhi,Delhi,https://buyunlistedshares.com/unlisted-shares/pnb-finance-and-industries-ltd
pnb-metlife-insurance,PNB MetLife Insurance,FINANCIALS,Financials,100,2026-09-21,100,10000,100.0,55.0,,11072,98.2,10.21,10,unlisted,no,Bengaluru,Karnataka,https://buyunlistedshares.com/unlisted-shares/pnb-metlife-insurance
polymatech,Polymatech,IT & INDUSTRIALS,Information Technology,46,2026-09-21,220,10120,90.0,46.0,INE0OLN01029,2067.9,5.39,31.97,2,unlisted,no,Chennai,Tamil Nadu,https://buyunlistedshares.com/unlisted-shares/polymatech
power-exchange-india-limited,Power Exchange India Limited (PXIL),FINANCIALS,Financials,525,2026-09-21,20,10500,675.0,498.0,INE03N601010,3040,88,20.12,10,unlisted,no,Mumbai,Maharashtra,https://buyunlistedshares.com/unlisted-shares/power-exchange-india-limited
premier-cryogenics-limited,Premier Cryogenics Limited,IT & INDUSTRIALS,Industrials,323,2026-09-21,35,11305,323.0,250.0,INE101F01017,159.04,11.75,176.71,10,unlisted,no,Guwahati,Assam,https://buyunlistedshares.com/unlisted-shares/premier-cryogenics-limited
quality-enviro-engineers-private-limited,Quality Enviro Engineers Private Limited,IT & INDUSTRIALS,Industrials,1200,2026-09-21,10,12000,1200.0,1200.0,INE0V2L01016,159,62.4,59.1,10,unlisted,no,Ghaziabad,Uttar Pradesh,https://buyunlistedshares.com/unlisted-shares/quality-enviro-engineers-private-limited
raft-motors-limited,Raft Motors Limited,CONSUMER,Consumer Discretionary,,,,,,,INE1CJA01015,,,2.14,10,unlisted,no,Mumbai,Maharashtra,https://buyunlistedshares.com/unlisted-shares/raft-motors-limited
ramaraju-surgical-cotton-mills-limited,Ramaraju Surgical Cotton Mills Limited,CONSUMER,Consumer Discretionary,275,2026-09-21,40,11000,285.0,275.0,INE328E01027,,,,,unlisted,no,Rajapalayam,Tamil Nadu,https://buyunlistedshares.com/unlisted-shares/ramaraju-surgical-cotton-mills-limited
rathi-industries-limited,Rathi Industries Limited,IT & INDUSTRIALS,Materials,150,2026-09-21,70,10500,150.0,150.0,INE173X01019,121.27,14.93,229.62,10,unlisted,no,Delhi,Delhi,https://buyunlistedshares.com/unlisted-shares/rathi-industries-limited
raviraj-process-control-ltd,Raviraj Process Control Ltd,IT & INDUSTRIALS,Industrials,72,2026-09-21,140,10080,85.0,72.0,INE0QXE01010,83.21,20.81,35.95,10,unlisted,no,Thane,Maharashtra,https://buyunlistedshares.com/unlisted-shares/raviraj-process-control-ltd
razorpay-software-limited,Razorpay Software Limited,NEW-AGE,Financials,85.12,2026-09-21,120,10214.4,85.12,85.12,INE0ZHQ01034,7473.98,225.51,18.13,10,unlisted,yes,Bengaluru,Karnataka,https://buyunlistedshares.com/unlisted-shares/razorpay-software-limited
rdc-concrete-limited,RDC Concrete (India) Limited,IT & INDUSTRIALS,Materials,183,2026-09-21,55,10065,183.0,183.0,INE076I01015,2770.73,52.97,21.73,10,unlisted,no,Thane,Maharashtra,https://buyunlistedshares.com/unlisted-shares/rdc-concrete-limited
reliance-general-insurance,Reliance General Insurance,FINANCIALS,Financials,550,2026-09-21,20,11000,625.0,550.0,INE124D01014,15404,48.89,129.44,10,unlisted,no,Mumbai,Maharashtra,https://buyunlistedshares.com/unlisted-shares/reliance-general-insurance
renfra-energy-india-private-limited,Renfra Energy India Private Limited,IT & INDUSTRIALS,Energy,122,2026-09-21,85,10370,122.0,98.0,INE1LPG01028,1249,13.14,311085.37,10,unlisted,yes,,Tamil Nadu,https://buyunlistedshares.com/unlisted-shares/renfra-energy-india-private-limited
resin-and-plastic-limited,Resin & Plastic Limited,IT & INDUSTRIALS,Chemicals,675,2026-09-21,15,10125,775.0,437.0,INE422F01017,281.63,17.21,258.83,10,unlisted,no,Mumbai,Maharashtra,https://buyunlistedshares.com/unlisted-shares/resin-and-plastic-limited
ring-plus-aqua-ltd,Ring Plus Aqua Ltd. (JK group),CONSUMER,Automotive,695,2026-09-21,15,10425,695.0,695.0,INE093H01012,539,10.57,285.88,10,unlisted,no,Nashik,Maharashtra,https://buyunlistedshares.com/unlisted-shares/ring-plus-aqua-ltd
rkb-global-limited,RKB Global Limited,IT & INDUSTRIALS,Materials,115,2026-09-21,90,10350,128.0,115.0,INE028W01017,503.38,43.31,48.61,10,unlisted,yes,Palghar,Maharashtra,https://buyunlistedshares.com/unlisted-shares/rkb-global-limited
roop-telsonic-ultrasonix-limited,Roop Telsonic Ultrasonix Limited,IT & INDUSTRIALS,Industrials,188,2026-09-21,55,10340,188.0,188.0,INE01QU01011,131,52.22,70.48,10,unlisted,no,Mumbai,Maharashtra,https://buyunlistedshares.com/unlisted-shares/roop-telsonic-ultrasonix-limited
roots-multiclean-limited,Roots Multiclean Limited,IT & INDUSTRIALS,Industrials,4000,2026-09-21,5,20000,4000.0,4000.0,INE01LF01021,624.8,13.11,1654.12,10,unlisted,no,Coimbatore,Tamil Nadu,https://buyunlistedshares.com/unlisted-shares/roots-multiclean-limited
royalcare-super-speciality-hospitals,Royalcare Super Speciality Hospitals,CONSUMER,Healthcare,155,2026-09-21,65,10075,160.0,142.0,,2924.21,193.67,16.84,10,unlisted,no,Coimbatore,Tamil Nadu,https://buyunlistedshares.com/unlisted-shares/royalcare-super-speciality-hospitals
rrp-electronics-limited,RRP Electronics Limited,IT & INDUSTRIALS,Information Technology,144,2026-09-21,70,10080,22500.0,144.0,INE0UJK01018,19.27,,,10,unlisted,no,,Maharashtra,https://buyunlistedshares.com/unlisted-shares/rrp-electronics-limited
rrp-s4e-innovation,RRP S4E innovation,IT & INDUSTRIALS,Aerospace,148,2026-09-21,70,10360,365.0,144.0,INE09FT01019,102.48,7.94,157.09,10,unlisted,no,Navi Mumbai,Maharashtra,https://buyunlistedshares.com/unlisted-shares/rrp-s4e-innovation
rydak-syndicate-limited,Rydak Syndicate Limited,CONSUMER,Food & Beverages,575,2026-09-21,20,11500,575.0,575.0,INE826F01019,,,,,unlisted,no,Kolkata,West Bengal,https://buyunlistedshares.com/unlisted-shares/rydak-syndicate-limited
s3v-vascular-technologies-limited,S3V Vascular Technologies Limited,CONSUMER,Healthcare,545,2026-09-21,20,10900,565.0,350.0,INE0HGT01012,1045.23,18500,73.42,10,unlisted,no,Mysuru,Karnataka,https://buyunlistedshares.com/unlisted-shares/s3v-vascular-technologies-limited
san-engineering-and-locomotive-company-limited,San Engineering and Locomotive Company Limited,IT & INDUSTRIALS,Industrials,850,2026-09-21,15,12750,850.0,850.0,INE031H01012,378.25,7.42,679.66,10,unlisted,no,Bengaluru,Karnataka,https://buyunlistedshares.com/unlisted-shares/san-engineering-and-locomotive-company-limited
sbi-general-insurance,SBI General Insurance,FINANCIALS,Financials,1150,2026-09-21,10,11500,1150.0,1150.0,INE01MM01017,25689,46.45,231.56,10,unlisted,no,Mumbai,Maharashtra,https://buyunlistedshares.com/unlisted-shares/sbi-general-insurance
segmental-infrastructure-development-limited,Segmental Infrastructure Development Limited,IT & INDUSTRIALS,Real Estate,168,2026-09-21,60,10080,168.0,107.63,INE11C701011,,,,10,unlisted,yes,Gurugram,Haryana,https://buyunlistedshares.com/unlisted-shares/segmental-infrastructure-development-limited
shivchem-agro-limited,Shivchem Agro Limited,IT & INDUSTRIALS,Chemicals,76,2026-09-21,135,10260,76.0,72.0,INE18CU01023,40,15.35,18.33,5,unlisted,yes,Delhi,Delhi,https://buyunlistedshares.com/unlisted-shares/shivchem-agro-limited
shriram-life-insurance-co-ltd,Shriram Life Insurance Co. Ltd,FINANCIALS,Financials,525,2026-09-21,20,10500,525.0,525.0,INE227H01016,4746,72.5,50.66,10,unlisted,no,Hyderabad,Telangana,https://buyunlistedshares.com/unlisted-shares/shriram-life-insurance-co-ltd
sicom-india-limited,SICOM India Limited,FINANCIALS,Financials,85,2026-09-21,120,10200,85.0,80.0,INE569E01018,3.04,,74.24,10,unlisted,no,,Maharashtra,https://buyunlistedshares.com/unlisted-shares/sicom-india-limited
sigachi-laboratories-limited,Sigachi Laboratories Limited,CONSUMER,Healthcare,52,2026-09-21,195,10140,52.0,52.0,INE368H01018,35.12,29.55,58.39,10,unlisted,no,Hyderabad,Telangana,https://buyunlistedshares.com/unlisted-shares/sigachi-laboratories-limited
signify-innovations,Signify Innovations,IT & INDUSTRIALS,Industrials,975,2026-09-21,15,14625,1250.0,975.0,INE045U01015,5607.93,22.91,74.69,10,unlisted,no,Kolkata,West Bengal,https://buyunlistedshares.com/unlisted-shares/signify-innovations
sk-finance-limited,SK Finance Limited,FINANCIALS,Financials,745,2026-09-21,15,11175,885.0,745.0,INE124N01039,11859,27.52,297.19,1,unlisted,no,Jaipur,Rajasthan,https://buyunlistedshares.com/unlisted-shares/sk-finance-limited
smile-microfinance,SMILE Microfinance,FINANCIALS,Financials,82,2026-09-21,125,10250,82.0,82.0,INE786V01012,142.19,46.59,33.15,10,unlisted,no,Chennai,Tamil Nadu,https://buyunlistedshares.com/unlisted-shares/smile-microfinance
solar-91-cleantech-limited,Solar 91 Cleantech Limited,IT & INDUSTRIALS,Energy,468,2026-09-21,25,11700,566.0,468.0,INE0U5I01016,755.48,134.56,18.04,10,unlisted,no,Jaipur,Rajasthan,https://buyunlistedshares.com/unlisted-shares/solar-91-cleantech-limited
soleos-energy-private-limited,Soleos Energy Private Limited,IT & INDUSTRIALS,Energy,,,,,,,INE0VL901028,,,274.22,5,unlisted,no,Ahmedabad,Gujarat,https://buyunlistedshares.com/unlisted-shares/soleos-energy-private-limited
spencer-and-company-limited,Spencer and Company Limited,FINANCIALS,Holding Company,1375,2026-09-21,10,13750,1400.0,1079.0,IN9766E01018,1503.36,,157.12,10,unlisted,no,Chennai,Tamil Nadu,https://buyunlistedshares.com/unlisted-shares/spencer-and-company-limited
spray-engineering-devices,Spray Engineering Devices,IT & INDUSTRIALS,Industrials,84,2026-09-21,120,10080,275.0,84.0,INE528I01015,210.81,21.32,81.7,10,unlisted,no,Chandigarh,Chandigarh,https://buyunlistedshares.com/unlisted-shares/spray-engineering-devices
sri-vishnu-shankar-mill-limited,Sri Vishnu Shankar Mill Limited,CONSUMER,Textiles,425,2026-09-21,25,10625,425.0,425.0,INE365Z01016,47.25,,1183.42,10,unlisted,no,Rajapalayam,Tamil Nadu,https://buyunlistedshares.com/unlisted-shares/sri-vishnu-shankar-mill-limited
sterlite,Sterlite Electric Limited (formerly Sterlite Power),IT & INDUSTRIALS,Utilities,508,2026-09-21,20,10160,555.0,425.0,INE110V01015,7166.2,35.77,101.82,2,unlisted,yes,Pune,Maharashtra,https://buyunlistedshares.com/unlisted-shares/sterlite
sterlite-grid-5,Sterlite Grid 5,IT & INDUSTRIALS,Utilities,332,2026-09-21,35,11620,378.0,288.0,INE03QT01027,4087,,37.63,2,unlisted,no,Pune,Maharashtra,https://buyunlistedshares.com/unlisted-shares/sterlite-grid-5
sun-drops-energia-private-limited,Sun Drops Energia Private Limited,IT & INDUSTRIALS,Energy,298,2026-09-21,35,10430,360.0,248.0,INE0H1U01025,2948.87,57.54,69.71,5,unlisted,no,Surat,Gujarat,https://buyunlistedshares.com/unlisted-shares/sun-drops-energia-private-limited
sunday,Sunday Proptech Limited,CONSUMER,Hospitality,8.25,2026-09-21,1215,10023.75,28.0,7.95,INE1DBV01024,,,,,unlisted,no,Delhi,Delhi,https://buyunlistedshares.com/unlisted-shares/sunday
t-stanes-and-company,T Stanes & Company,IT & INDUSTRIALS,Materials,824,2026-09-21,15,12360,1000.0,824.0,INE420F01011,195,7.99,952.42,10,unlisted,no,Coimbatore,Tamil Nadu,https://buyunlistedshares.com/unlisted-shares/t-stanes-and-company
tea-time,Tea Time,CONSUMER,Consumer Discretionary,36,2026-09-21,280,10080,39.0,36.0,INE0JZW01020,351,177.27,2.92,2,unlisted,no,Hyderabad,Telangana,https://buyunlistedshares.com/unlisted-shares/tea-time
thalappakatti-hotels-private-limited,Thalappakatti Hotels Private Limited,CONSUMER,Consumer Discretionary,120,2026-09-21,85,10200,120.0,120.0,INE01GJ01023,99.34,13.51,11.36,1,unlisted,no,Chennai,Tamil Nadu,https://buyunlistedshares.com/unlisted-shares/thalappakatti-hotels-private-limited
the-scottish-assam-limited,The Scottish Assam (India) Limited,CONSUMER,Food & Beverages,775,2026-09-21,15,11625,775.0,775.0,INE010G01018,62,6.2,1235,10,unlisted,no,Kolkata,West Bengal,https://buyunlistedshares.com/unlisted-shares/the-scottish-assam-limited
ticker-limited,Ticker Limited,IT & INDUSTRIALS,Information Technology,26.5,2026-09-21,380,10070,34.0,26.5,INE0JS401010,4635.63,,1.01,1,unlisted,no,Mumbai,Maharashtra,https://buyunlistedshares.com/unlisted-shares/ticker-limited
transline-technologies-limited,Transline Technologies Limited,IT & INDUSTRIALS,Information Technology,158,2026-09-21,65,10270,178.0,124.0,INE0OR401022,1108,22.93,19.91,2,unlisted,yes,Delhi,Delhi,https://buyunlistedshares.com/unlisted-shares/transline-technologies-limited
trl-krosaki-refractories-limited,TRL Krosaki Refractories Limited,IT & INDUSTRIALS,Metals & Mining,1750,2026-09-21,10,17500,2250.0,1750.0,INE012L01014,3658,10.66,580.33,10,unlisted,no,Jharsuguda,Odisha,https://buyunlistedshares.com/unlisted-shares/trl-krosaki-refractories-limited
urban-tots-2,Urban Tots (Deepak Houseware and Toys),CONSUMER,Consumer Discretionary,68,2026-09-21,150,10200,76.0,58.0,INE0MQ801018,378.91,33.66,8.32,1,unlisted,no,Alwar,Rajasthan,https://buyunlistedshares.com/unlisted-shares/urban-tots-2
usha-shriram,Usha Shriram,CONSUMER,Consumer Discretionary,195,2026-09-21,55,10725,195.0,195.0,INE0SGX01011,192.12,,25.43,10,unlisted,no,Delhi,Delhi,https://buyunlistedshares.com/unlisted-shares/usha-shriram
utkarsh-micro-finance,Utkarsh Micro Finance(Core Invest),FINANCIALS,Financials,195,2026-09-21,55,10725,205.0,125.0,INE396P01012,1230.36,3.73,254.29,10,unlisted,no,Varanasi,Uttar Pradesh,https://buyunlistedshares.com/unlisted-shares/utkarsh-micro-finance
veeda-clinical-research-limited,Veeda Clinical Research Limited,CONSUMER,Healthcare,428,2026-09-21,25,10700,475.0,428.0,INE01HQ01026,2815,,131.38,2,unlisted,yes,Ahmedabad,Gujarat,https://buyunlistedshares.com/unlisted-shares/veeda-clinical-research-limited
veremax-technologie-services-limited,Veremax Technologie Services Limited,IT & INDUSTRIALS,Telecom,375,2026-09-21,30,11250,375.0,360.0,INE1K1L01010,831.14,25.81,34.75,10,unlisted,no,Chennai,Tamil Nadu,https://buyunlistedshares.com/unlisted-shares/veremax-technologie-services-limited
vivriti-capital-limited,Vivriti Capital Limited,FINANCIALS,Financials,650,2026-09-21,20,13000,695.0,650.0,INE0P1401011,7083.7,19.73,313.08,10,unlisted,no,Chennai,Tamil Nadu,https://buyunlistedshares.com/unlisted-shares/vivriti-capital-limited
vyara-tiles-limited,Vyara Tiles Limited,IT & INDUSTRIALS,Materials,,,,,,,INE0Y5C01023,,,25.93,10,unlisted,yes,Surat,Gujarat,https://buyunlistedshares.com/unlisted-shares/vyara-tiles-limited
xerox-india-limited,Xerox India Limited,IT & INDUSTRIALS,Information Technology,225,2026-09-21,45,10125,225.0,185.0,INE034E01013,1005.04,55.97,61.77,10,unlisted,no,Gurugram,Haryana,https://buyunlistedshares.com/unlisted-shares/xerox-india-limited
zak-venture-ltd,Zak Venture Ltd,IT & INDUSTRIALS,Energy,165,2026-09-21,65,10725,165.0,165.0,INE15YC01013,73.33,47.55,24.03,10,unlisted,no,Noida,Uttar Pradesh,https://buyunlistedshares.com/unlisted-shares/zak-venture-ltd
zepto-unlisted-shares,Zepto,NEW-AGE,Consumer Discretionary,32,2026-09-21,315,10080,62.0,26.0,INE143401029,40330.22,,4.77,5,unlisted,yes,Bengaluru,Karnataka,https://buyunlistedshares.com/unlisted-shares/zepto-unlisted-shares
