slug,name,sector,industry,indicative_price_inr,price_date,lot_size,min_ticket_inr,isin,status,url
razorpay-software-limited,Razorpay Software Limited,NEW-AGE,Financials,85.12,2026-09-24,295,25110,INE0ZHQ01034,unlisted,https://buyunlistedshares.com/unlisted-shares/razorpay-software-limited
zepto-unlisted-shares,Zepto,NEW-AGE,Consumer Discretionary,32.0,2026-09-24,810,25920,INE143401029,unlisted,https://buyunlistedshares.com/unlisted-shares/zepto-unlisted-shares
phonepe-limited,PhonePe Limited,NEW-AGE,Financials,19968.0,2026-09-24,2,39936,INE0KM101027,unlisted,https://buyunlistedshares.com/unlisted-shares/phonepe-limited
metropolitan-stock-exchange,Metropolitan Stock Exchange (MSEI),FINANCIALS,Financials,7.75,2026-09-24,3230,25032,INE312K01010,unlisted,https://buyunlistedshares.com/unlisted-shares/metropolitan-stock-exchange
national-commodity-and-derivatives-exchange-ltd,National Commodity and Derivatives Exchange Ltd. (NCDEX),FINANCIALS,Financials,382.0,2026-09-24,67,25594,INE127G01010,unlisted,https://buyunlistedshares.com/unlisted-shares/national-commodity-and-derivatives-exchange-ltd
fusion-techstack-limited,Fusion Techstack Limited (Formerly known as Indian Commodity Exchange Limited),FINANCIALS,Financials,4.95,2026-09-24,5055,25022,INE678L01012,unlisted,https://buyunlistedshares.com/unlisted-shares/fusion-techstack-limited
oravel-stays,Oravel Stays (OYO Rooms),NEW-AGE,Hospitality,24.0,2026-09-24,1045,25080,INE561T01021,unlisted,https://buyunlistedshares.com/unlisted-shares/oravel-stays
bira,Bira 91 (B9 Beverages Limited),CONSUMER,Consumer Discretionary,76.0,2026-09-24,330,25080,INE833U01022,unlisted,https://buyunlistedshares.com/unlisted-shares/bira
pharmeasy,PharmEasy,NEW-AGE,Healthcare,7.95,2026-09-24,3335,26513,INE0DJ201029,unlisted,https://buyunlistedshares.com/unlisted-shares/pharmeasy
sk-finance-limited,SK Finance Limited,FINANCIALS,Financials,745.0,2026-09-24,34,25330,INE124N01039,unlisted,https://buyunlistedshares.com/unlisted-shares/sk-finance-limited
ambadi-investments-limited,Ambadi Investments Limited (murugappa),FINANCIALS,Financials,17500.0,2026-09-24,2,35000,INE974L01015,unlisted,https://buyunlistedshares.com/unlisted-shares/ambadi-investments-limited
care-health-insurance-company-limited,Care Health (Previously Religare Health) Insurance Company Limited,FINANCIALS,Financials,148.0,2026-09-24,175,25900,INE119J01011,unlisted,https://buyunlistedshares.com/unlisted-shares/care-health-insurance-company-limited
jai-mata-engineering-limited,Jai Mata Engineering Limited,IT & INDUSTRIALS,Materials,215.0,2026-09-24,117,25155,INE0E4L01013,unlisted,https://buyunlistedshares.com/unlisted-shares/jai-mata-engineering-limited
transline-technologies-limited,Transline Technologies Limited,IT & INDUSTRIALS,Information Technology,168.0,2026-09-24,145,24360,INE0OR401022,unlisted,https://buyunlistedshares.com/unlisted-shares/transline-technologies-limited
cheelizza-pizza-unlisted-share,Cheelizza Pizza India,CONSUMER,Food & Beverages,16.0,2026-09-24,1565,25040,INE0MSX01027,unlisted,https://buyunlistedshares.com/unlisted-shares/cheelizza-pizza-unlisted-share
hutti-gold-mines-company-limited,Hutti Gold Mines Company Limited,IT & INDUSTRIALS,Metals & Mining,119838.0,2026-09-24,1,119838,INE2RVS01018,unlisted,https://buyunlistedshares.com/unlisted-shares/hutti-gold-mines-company-limited
onix-renewable-limited,Onix Renewable Limited,IT & INDUSTRIALS,Energy,47.0,2026-09-24,545,25615,INE0TG701015,unlisted,https://buyunlistedshares.com/unlisted-shares/onix-renewable-limited
cremica-food-industries-limited,Cremica Food Industries Limited,CONSUMER,Food & Beverages,172.0,2026-09-24,150,25800,INE404T01016,unlisted,https://buyunlistedshares.com/unlisted-shares/cremica-food-industries-limited
kannur-international-airport-limited,Kannur International Airport Limited,IT & INDUSTRIALS,Industrials,124.0,2026-09-24,205,25420,INE02Y401013,unlisted,https://buyunlistedshares.com/unlisted-shares/kannur-international-airport-limited
assam-carbon-products-limited,Assam Carbon Products Limited,IT & INDUSTRIALS,Materials,425.0,2026-09-24,59,25075,INE496C01018,unlisted,https://buyunlistedshares.com/unlisted-shares/assam-carbon-products-limited
indofil-industries-limited,Indofil Industries Limited,IT & INDUSTRIALS,Chemicals,1475.0,2026-09-24,17,25075,INE071I01016,unlisted,https://buyunlistedshares.com/unlisted-shares/indofil-industries-limited
adiance-technologies-unlisted-shares,Adiance Technologies,IT & INDUSTRIALS,Surveillance,2250.0,2026-09-24,12,27000,INE0T9101011,unlisted,https://buyunlistedshares.com/unlisted-shares/adiance-technologies-unlisted-shares
pnb-metlife-insurance,PNB MetLife Insurance,FINANCIALS,Financials,100.0,2026-09-24,250,25000,,unlisted,https://buyunlistedshares.com/unlisted-shares/pnb-metlife-insurance
thomas,A V Thomas & Co. Limited,CONSUMER,Consumer Staples,12500.0,2026-09-24,2,25000,INE944K01010,unlisted,https://buyunlistedshares.com/unlisted-shares/thomas
maverick-simulation-solutions-limited,Maverick Simulation Solutions Limited,CONSUMER,Healthcare,2750.0,2026-09-24,10,27500,INE1BEQ01014,unlisted,https://buyunlistedshares.com/unlisted-shares/maverick-simulation-solutions-limited
bharat-nidhi,Bharat Nidhi,FINANCIALS,Holding Company,13800.0,2026-09-24,2,27600,INE286F01016,unlisted,https://buyunlistedshares.com/unlisted-shares/bharat-nidhi
absolute-projects-india-limited-unlisted-share-price,Absolute Projects (India) Limited,IT & INDUSTRIALS,Industrials,78.0,2026-09-24,325,25350,INE0L7001038,unlisted,https://buyunlistedshares.com/unlisted-shares/absolute-projects-india-limited-unlisted-share-price
amrut-dredging-and-shipping-limited,Amrut Dredging And Shipping Limited,IT & INDUSTRIALS,Industrials,232.0,2026-09-24,108,25056,INE08T601019,unlisted,https://buyunlistedshares.com/unlisted-shares/amrut-dredging-and-shipping-limited
amol-minechem-limited,Amol Minechem Limited,IT & INDUSTRIALS,Materials,900.0,2026-09-24,28,25200,INE404C01012,unlisted,https://buyunlistedshares.com/unlisted-shares/amol-minechem-limited
rrp-electronics-limited,RRP Electronics Limited,IT & INDUSTRIALS,Information Technology,144.0,2026-09-24,175,25200,INE0UJK01018,unlisted,https://buyunlistedshares.com/unlisted-shares/rrp-electronics-limited
